statcode_21,num_votes_wijk_21,gm_code_21,RW_wijk_21,PVV_wijk_21
WK001400,12696,GM0014,0.07199117832388154,0.021345305608065534
WK001401,21588,GM0014,0.0788864183805818,0.04470075968130443
WK001402,6743,GM0014,0.0671807800682189,0.024914726382915618
WK001403,10457,GM0014,0.1005068375251028,0.04523285837238214
WK001404,6069,GM0014,0.13115834569121768,0.06805074971164937
WK001405,1488,GM0014,0.08198924731182795,0.038978494623655914
WK001406,11188,GM0014,0.0877726135144798,0.03986414015016089
WK001407,3330,GM0014,0.11621621621621622,0.05555555555555555
WK001408,6141,GM0014,0.18091516039732944,0.12147858654942192
WK001409,8667,GM0014,0.16026306680512287,0.09368870428060459
WK001410,8969,GM0014,0.1277734418552793,0.06801204147619579
WK001411,8428,GM0014,0.15080683436165163,0.08376839107736117
WK001412,9100,GM0014,0.1734065934065934,0.10274725274725274
WK001413,677,GM0014,0.1536189069423929,0.10782865583456426
WK001414,1394,GM0014,0.09684361549497848,0.05380200860832138
WK001415,3468,GM0014,0.14215686274509803,0.08737024221453288
WK001416,810,GM0014,0.1765432098765432,0.10987654320987654
WK001417,7326,GM0014,0.07753207753207753,0.03849303849303849
WK001418,2766,GM0014,0.10159074475777295,0.060375994215473607
WK001419,1799,GM0014,0.10783768760422457,0.0528071150639244
WK003701,12218,GM0037,0.23809134064495008,0.14773285316745785
WK003702,3222,GM0037,0.3392302917442582,0.23370577281191807
WK003703,1662,GM0037,0.16365824308062576,0.09085439229843562
WK003704,889,GM0037,0.1529808773903262,0.09336332958380203
WK003705,632,GM0037,0.30537974683544306,0.2231012658227848
WK004700,11556,GM0047,0.2350294219453098,0.14477327795084804
WK004701,907,GM0047,0.308710033076075,0.17420066152149946
WK004702,3899,GM0047,0.2823800974608874,0.17337778917671198
WK005900,8444,GM0059,0.23614400757934628,0.14448128848886785
WK005901,1619,GM0059,0.28721432983323036,0.169857936998147
WK005902,6866,GM0059,0.3479464025633557,0.2079813574133411
WK006000,2883,GM0060,0.16892126257370793,0.0912244190079778
WK007200,7969,GM0072,0.2365415986949429,0.13678002258752667
WK007201,362,GM0072,0.27348066298342544,0.15469613259668508
WK007202,278,GM0072,0.17985611510791366,0.09712230215827339
WK007401,20875,GM0074,0.16086227544910178,0.0858443113772455
WK007402,1006,GM0074,0.21371769383697814,0.09145129224652088
WK007403,1035,GM0074,0.15169082125603864,0.08599033816425121
WK007404,5216,GM0074,0.25383435582822084,0.1424463190184049
WK007407,442,GM0074,0.24434389140271492,0.11312217194570136
WK007409,3381,GM0074,0.16770186335403728,0.07364685004436557
WK008010,6366,GM0080,0.14436066603832862,0.05497957901350927
WK008011,3567,GM0080,0.24922904401457807,0.13260442949257079
WK008020,5836,GM0080,0.2563399588759424,0.13930774503084303
WK008030,5561,GM0080,0.1566265060240964,0.07462686567164178
WK008031,1776,GM0080,0.18975225225225226,0.10529279279279279
WK008032,1414,GM0080,0.14214992927864215,0.057284299858557285
WK008040,4006,GM0080,0.2014478282576136,0.10559161258112831
WK008041,1824,GM0080,0.23026315789473684,0.11513157894736842
WK008050,1435,GM0080,0.2940766550522648,0.1651567944250871
WK008051,6407,GM0080,0.20883408771656,0.11362572186670829
WK008060,2693,GM0080,0.24916450055699962,0.13850724099517267
WK008061,1802,GM0080,0.23307436182019978,0.13041065482796893
WK008062,1493,GM0080,0.19356999330207636,0.1058271935699933
WK008063,4782,GM0080,0.18716018402342116,0.10184023421162694
WK008070,3702,GM0080,0.22069151809832524,0.13668287412209618
WK008071,2314,GM0080,0.13526361279170268,0.07000864304235091
WK008072,3381,GM0080,0.1419698314108252,0.07867494824016563
WK008073,1242,GM0080,0.13526570048309178,0.05877616747181964
WK008080,2403,GM0080,0.1889305035372451,0.08780690803162713
WK008081,2432,GM0080,0.1435032894736842,0.07524671052631579
WK008082,4939,GM0080,0.16541810083012756,0.07957076331241142
WK008501,2623,GM0085,0.24780785360274496,0.14220358368280595
WK008502,1074,GM0085,0.2048417132216015,0.09869646182495345
WK008503,419,GM0085,0.19809069212410502,0.11933174224343675
WK008504,306,GM0085,0.14052287581699346,0.08169934640522876
WK008505,381,GM0085,0.2073490813648294,0.10498687664041995
WK008506,1739,GM0085,0.24381828637147787,0.13628522139160437
WK008507,319,GM0085,0.21630094043887146,0.06583072100313479
WK008508,623,GM0085,0.24398073836276082,0.13001605136436598
WK008509,187,GM0085,0.3315508021390374,0.19786096256684493
WK008510,869,GM0085,0.18757192174913695,0.09781357882623705
WK008511,6903,GM0085,0.21106765174561784,0.12733594089526293
WK008512,263,GM0085,0.2661596958174905,0.17870722433460076
WK008513,504,GM0085,0.20833333333333334,0.1111111111111111
WK008601,1068,GM0086,0.1797752808988764,0.10112359550561797
WK008602,2157,GM0086,0.14186369958275383,0.06954102920723226
WK008604,618,GM0086,0.1941747572815534,0.09546925566343042
WK008605,4120,GM0086,0.23907766990291263,0.125
WK008606,503,GM0086,0.18290258449304175,0.09542743538767395
WK008608,900,GM0086,0.20777777777777778,0.09
WK008609,716,GM0086,0.18016759776536312,0.08379888268156424
WK008611,992,GM0086,0.15725806451612903,0.06854838709677419
WK008613,497,GM0086,0.18108651911468812,0.10865191146881288
WK008614,593,GM0086,0.178752107925801,0.11973018549747048
WK008615,1002,GM0086,0.21357285429141717,0.0998003992015968
WK008616,2819,GM0086,0.1720468251152891,0.09223128769067045
WK008617,1089,GM0086,0.19008264462809918,0.10560146923783287
WK008800,904,GM0088,0.09292035398230089,0.05641592920353982
WK009000,23065,GM0090,0.221938001300672,0.11623672230652504
WK009001,6986,GM0090,0.20684225594045233,0.10249069567706842
WK009300,2075,GM0093,0.16481927710843375,0.09349397590361445
WK009301,1136,GM0093,0.13204225352112675,0.06866197183098592
WK009304,733,GM0093,0.14597544338335608,0.07639836289222374
WK009800,8821,GM0098,0.22072327400521483,0.14125382609681442
WK009801,395,GM0098,0.1569620253164557,0.07341772151898734
WK009802,272,GM0098,0.20588235294117646,0.07352941176470588
WK009803,833,GM0098,0.22569027611044418,0.1056422569027611
WK009805,301,GM0098,0.23588039867109634,0.14285714285714285
WK009807,815,GM0098,0.22208588957055214,0.10920245398773006
WK009808,694,GM0098,0.2334293948126801,0.14553314121037464
WK009809,276,GM0098,0.17391304347826086,0.07971014492753623
WK009810,2029,GM0098,0.28684080827994085,0.18334154756037457
WK009811,302,GM0098,0.1456953642384106,0.059602649006622516
WK009812,238,GM0098,0.23529411764705882,0.15546218487394958
WK009813,510,GM0098,0.2568627450980392,0.1607843137254902
WK009814,324,GM0098,0.19444444444444445,0.07407407407407407
WK009815,664,GM0098,0.2213855421686747,0.13102409638554216
WK010600,5220,GM0106,0.14655172413793102,0.08160919540229886
WK010601,1936,GM0106,0.2159090909090909,0.11570247933884298
WK010602,4205,GM0106,0.18668252080856124,0.1098692033293698
WK010603,4082,GM0106,0.18275355218030379,0.11121999020088193
WK010604,1684,GM0106,0.22268408551068883,0.12114014251781473
WK010605,2411,GM0106,0.14641227706345913,0.0717544587308171
WK010606,3342,GM0106,0.19838420107719928,0.10293237582286056
WK010607,7441,GM0106,0.16624109662679748,0.09178873807283967
WK010608,6467,GM0106,0.13375599195917737,0.06942941085511056
WK010699,1506,GM0106,0.1254980079681275,0.05245683930942895
WK010910,9996,GM0109,0.24289715886354543,0.16486594637855143
WK010911,612,GM0109,0.31699346405228757,0.1781045751633987
WK010920,3446,GM0109,0.20545560069645966,0.1175275681950087
WK010930,2569,GM0109,0.23238614246788633,0.14636045153756325
WK010940,3886,GM0109,0.17781780751415338,0.11194029850746269
WK010950,1966,GM0109,0.13835198372329605,0.06612410986775177
WK011401,1745,GM0114,0.4040114613180516,0.28939828080229224
WK011402,446,GM0114,0.37668161434977576,0.24887892376681614
WK011403,4159,GM0114,0.39697042558307283,0.2904544361625391
WK011404,995,GM0114,0.38090452261306534,0.29547738693467335
WK011405,1187,GM0114,0.36815501263689976,0.2502106149957877
WK011406,2817,GM0114,0.32374866879659214,0.22115725949591764
WK011407,2539,GM0114,0.2548247341473021,0.15793619535250097
WK011408,6500,GM0114,0.3690769230769231,0.26553846153846156
WK011409,1584,GM0114,0.5208333333333334,0.3851010101010101
WK011410,2898,GM0114,0.261559696342305,0.16804692891649414
WK011413,918,GM0114,0.40522875816993464,0.28649237472766886
WK011421,748,GM0114,0.24598930481283424,0.18449197860962566
WK011432,899,GM0114,0.40266963292547275,0.29699666295884314
WK011440,9647,GM0114,0.13029957499740852,0.0982688918834871
WK011441,1695,GM0114,0.17581120943952802,0.10501474926253687
WK011442,2907,GM0114,0.3006535947712418,0.19642242862057105
WK011443,3900,GM0114,0.30974358974358973,0.19897435897435897
WK011444,2965,GM0114,0.2715008431703204,0.15885328836424958
WK011445,588,GM0114,0.30952380952380953,0.20918367346938777
WK011446,4460,GM0114,0.2329596412556054,0.13991031390134528
WK011447,5294,GM0114,0.17907064601435588,0.09652436720816018
WK011448,1205,GM0114,0.183402489626556,0.0987551867219917
WK011449,750,GM0114,0.16266666666666665,0.06933333333333333
WK011450,1752,GM0114,0.3327625570776256,0.23230593607305935
WK011451,935,GM0114,0.18609625668449198,0.09839572192513368
WK011452,1019,GM0114,0.22767419038272815,0.13346418056918546
WK011850,16994,GM0118,0.2657996940096505,0.17158997293162292
WK011851,7898,GM0118,0.1920739427703216,0.10065839453026082
WK011852,496,GM0118,0.22782258064516128,0.12298387096774194
WK011853,1249,GM0118,0.44275420336269017,0.33306645316253003
WK011854,2827,GM0118,0.3724796604174036,0.24266006367173681
WK011855,1160,GM0118,0.2672413793103448,0.14396551724137932
WK011856,812,GM0118,0.31773399014778325,0.1921182266009852
WK011857,543,GM0118,0.2136279926335175,0.1270718232044199
WK011858,441,GM0118,0.3832199546485261,0.2290249433106576
WK011859,392,GM0118,0.31887755102040816,0.23469387755102042
WK011860,1091,GM0118,0.1924839596700275,0.11732355637030248
WK011900,7032,GM0119,0.1427758816837315,0.08930602957906712
WK011902,1505,GM0119,0.226578073089701,0.14019933554817277
WK011903,4908,GM0119,0.18418907905460472,0.09841075794621026
WK011905,482,GM0119,0.26348547717842324,0.13900414937759337
WK011906,3460,GM0119,0.14797687861271677,0.07658959537572255
WK011907,624,GM0119,0.16506410256410256,0.09294871794871795
WK011909,663,GM0119,0.28054298642533937,0.15987933634992457
WK011911,694,GM0119,0.14553314121037464,0.08357348703170028
WK011912,2359,GM0119,0.17804154302670624,0.10555320050869012
WK014110,3276,GM0141,0.2591575091575092,0.15903540903540903
WK014111,2653,GM0141,0.3584621183565775,0.2423671315491896
WK014112,2870,GM0141,0.20871080139372822,0.12334494773519164
WK014113,3525,GM0141,0.2746099290780142,0.16652482269503546
WK014114,3247,GM0141,0.22944256236526023,0.15244841392054204
WK014115,658,GM0141,0.5030395136778115,0.33586626139817627
WK014116,2878,GM0141,0.32870048644892286,0.22237665045170257
WK014117,2010,GM0141,0.18059701492537314,0.09751243781094528
WK014118,5196,GM0141,0.270977675134719,0.16820631254811394
WK014119,7779,GM0141,0.2209795603548014,0.13330762308780048
WK014120,1003,GM0141,0.2761714855433699,0.1794616151545364
WK014121,1243,GM0141,0.16572807723250202,0.10217216411906678
WK014700,14416,GM0147,0.16627358490566038,0.10710321864594895
WK014701,1249,GM0147,0.1465172137710168,0.09207365892714171
WK014801,10559,GM0148,0.10749123970072924,0.0585282697225116
WK014802,6003,GM0148,0.1882392137264701,0.1082791937364651
WK014803,2818,GM0148,0.15294535131298795,0.08907026259758694
WK015001,6983,GM0150,0.11399112129457253,0.05627953601603895
WK015002,1468,GM0150,0.11580381471389646,0.06335149863760219
WK015003,5117,GM0150,0.18448309556380693,0.1172562048075044
WK015004,4270,GM0150,0.16744730679156908,0.10866510538641687
WK015005,2600,GM0150,0.17192307692307693,0.09961538461538462
WK015006,5624,GM0150,0.17834281650071124,0.11842105263157894
WK015007,2936,GM0150,0.16416893732970028,0.09809264305177112
WK015008,3318,GM0150,0.1751054852320675,0.10488245931283906
WK015009,4452,GM0150,0.12713387241689128,0.07412398921832884
WK015010,7381,GM0150,0.17125050806123832,0.10107031567538274
WK015011,3357,GM0150,0.08132260947274352,0.04706583258862079
WK015012,3180,GM0150,0.12547169811320755,0.07830188679245283
WK015013,374,GM0150,0.12566844919786097,0.07219251336898395
WK015014,876,GM0150,0.06506849315068493,0.02511415525114155
WK015015,2737,GM0150,0.10668615272195835,0.0577274388016076
WK015300,11827,GM0153,0.1521095797750909,0.07660437980891181
WK015301,9288,GM0153,0.2524763135228251,0.15030146425495264
WK015302,10257,GM0153,0.27542166325436285,0.16457053719411133
WK015303,4608,GM0153,0.2749565972222222,0.1775173611111111
WK015304,10806,GM0153,0.14232833610956877,0.07754950953174163
WK015305,5518,GM0153,0.2218194998187749,0.1310257339615803
WK015306,14030,GM0153,0.26928011404134,0.16029935851746258
WK015308,7971,GM0153,0.34813699661272113,0.23409860745201355
WK015309,7439,GM0153,0.21346955235918808,0.12313482995026213
WK015800,5613,GM0158,0.19632994833422412,0.12292891501870658
WK015801,2901,GM0158,0.1878662530162013,0.11065149948293691
WK015802,1071,GM0158,0.22128851540616246,0.13725490196078433
WK015803,978,GM0158,0.2034764826175869,0.1114519427402863
WK015809,5465,GM0158,0.12955169258920401,0.08362305580969807
WK016001,528,GM0160,0.14393939393939395,0.06818181818181818
WK016004,2249,GM0160,0.20453534904401957,0.11605157847932414
WK016005,1937,GM0160,0.17707795560144554,0.10686628807434176
WK016008,1023,GM0160,0.3460410557184751,0.21896383186705767
WK016009,7227,GM0160,0.24076380240763803,0.13491075134910752
WK016012,2241,GM0160,0.1606425702811245,0.09727800089245872
WK016016,449,GM0160,0.17371937639198218,0.10467706013363029
WK016017,884,GM0160,0.27262443438914025,0.19796380090497737
WK016019,1442,GM0160,0.2780859916782247,0.17059639389736478
WK016020,793,GM0160,0.11475409836065574,0.05926860025220681
WK016021,425,GM0160,0.16470588235294117,0.08941176470588236
WK016024,611,GM0160,0.3060556464811784,0.14893617021276595
WK016025,793,GM0160,0.2459016393442623,0.17654476670870115
WK016026,1326,GM0160,0.2911010558069382,0.17043740573152338
WK016028,11756,GM0160,0.16212997618237496,0.09033684926845865
WK016029,706,GM0160,0.12889518413597734,0.0679886685552408
WK016301,2641,GM0163,0.1442635365391897,0.08746686861037486
WK016302,1030,GM0163,0.14466019417475728,0.06601941747572816
WK016303,7603,GM0163,0.1158753123766934,0.06918321715112456
WK016304,4413,GM0163,0.23612055291185136,0.14230682075685475
WK016305,1842,GM0163,0.1454940282301846,0.07600434310532031
WK016306,4503,GM0163,0.1632245169886742,0.08949589162780369
WK016307,1268,GM0163,0.12460567823343849,0.07176656151419558
WK016309,686,GM0163,0.21428571428571427,0.141399416909621
WK016400,9929,GM0164,0.11501661798771276,0.07422701178366402
WK016401,5608,GM0164,0.22699714693295292,0.13034950071326676
WK016402,3207,GM0164,0.24851886498285,0.12940442781415654
WK016403,7308,GM0164,0.18842364532019704,0.11056376573617953
WK016404,4703,GM0164,0.202423984690623,0.10971720178609398
WK016405,3318,GM0164,0.2543701024713683,0.15792646172393007
WK016406,6196,GM0164,0.2078760490639122,0.11830213040671402
WK016407,2300,GM0164,0.17173913043478262,0.09565217391304348
WK016408,5047,GM0164,0.15831186843669506,0.08460471567267684
WK016409,1752,GM0164,0.20034246575342465,0.10559360730593607
WK016600,20766,GM0166,0.222334585379948,0.12636039680246558
WK016603,7060,GM0166,0.1643059490084986,0.0886685552407932
WK016604,509,GM0166,0.0962671905697446,0.04518664047151277
WK016605,601,GM0166,0.1447587354409318,0.09816971713810316
WK016606,1241,GM0166,0.1506849315068493,0.07332796132151491
WK016607,541,GM0166,0.12014787430683918,0.031423290203327174
WK016608,569,GM0166,0.13005272407732865,0.06678383128295255
WK016800,7804,GM0168,0.24551512045105076,0.1587647360328037
WK016801,328,GM0168,0.3201219512195122,0.17073170731707318
WK016802,2089,GM0168,0.3446625179511728,0.2407850646242221
WK016803,2242,GM0168,0.1975914362176628,0.13247100802854594
WK016804,638,GM0168,0.14890282131661442,0.07523510971786834
WK017301,6406,GM0173,0.15391820168591944,0.09865750858570091
WK017302,759,GM0173,0.12648221343873517,0.07378129117259552
WK017303,955,GM0173,0.22827225130890053,0.12670157068062826
WK017304,702,GM0173,0.18945868945868946,0.1339031339031339
WK017305,898,GM0173,0.11915367483296214,0.0645879732739421
WK017306,1867,GM0173,0.24209962506695232,0.1542581681842528
WK017310,742,GM0173,0.19002695417789758,0.09299191374663072
WK017311,2711,GM0173,0.2559940981187754,0.16193286610106972
WK017312,3456,GM0173,0.16145833333333334,0.10243055555555555
WK017313,2129,GM0173,0.19868482855800845,0.11085016439643025
WK017501,7405,GM0175,0.15908170155300472,0.08642808912896692
WK017504,725,GM0175,0.1986206896551724,0.15172413793103448
WK017507,980,GM0175,0.16326530612244897,0.10714285714285714
WK017508,681,GM0175,0.13362701908957417,0.07195301027900147
WK017511,731,GM0175,0.15047879616963064,0.08618331053351573
WK017701,13492,GM0177,0.12273940112659354,0.07196857396975986
WK017702,1461,GM0177,0.1300479123887748,0.07049965776865161
WK017703,984,GM0177,0.13617886178861788,0.05894308943089431
WK017704,761,GM0177,0.09461235216819974,0.045992115637319315
WK017705,2264,GM0177,0.10379858657243816,0.053886925795053005
WK017706,838,GM0177,0.09188544152744631,0.041766109785202864
WK017707,4329,GM0177,0.13005313005313004,0.06814506814506814
WK017708,361,GM0177,0.15512465373961218,0.0664819944598338
WK017709,440,GM0177,0.09772727272727273,0.04318181818181818
WK018000,6288,GM0180,0.21151399491094147,0.09351145038167939
WK018001,2232,GM0180,0.128584229390681,0.05510752688172043
WK018003,1121,GM0180,0.20071364852809992,0.05976806422836753
WK018004,983,GM0180,0.18006103763987794,0.09460834181078331
WK018005,691,GM0180,0.17510853835021709,0.06801736613603473
WK018300,5096,GM0183,0.14462323390894818,0.09595761381475668
WK018301,2295,GM0183,0.19869281045751633,0.10326797385620914
WK018302,1174,GM0183,0.206984667802385,0.13713798977853492
WK018303,2569,GM0183,0.18606461658232776,0.11677695601401324
WK018304,756,GM0183,0.16534391534391535,0.11375661375661375
WK018305,940,GM0183,0.1425531914893617,0.09148936170212765
WK018306,825,GM0183,0.1478787878787879,0.09333333333333334
WK018307,638,GM0183,0.15830721003134796,0.10658307210031348
WK018400,12801,GM0184,0.24193422388875868,0.13787985313647372
WK018900,8634,GM0189,0.16585591846189485,0.0917303683113273
WK018903,4284,GM0189,0.21031746031746032,0.12044817927170869
WK018904,361,GM0189,0.12188365650969529,0.055401662049861494
WK018905,1327,GM0189,0.14167294649585532,0.07761868877166542
WK019701,2434,GM0197,0.11791290057518489,0.05135579293344289
WK019702,1131,GM0197,0.15915119363395225,0.09372236958443855
WK019703,9251,GM0197,0.1423629877851043,0.08182899146038267
WK019704,4365,GM0197,0.17823596792668958,0.11042382588774341
WK020001,16108,GM0200,0.12105785944872113,0.07611124906878569
WK020002,11713,GM0200,0.15265090070861437,0.08315546828310424
WK020003,8110,GM0200,0.19654747225647348,0.1159062885326757
WK020004,9395,GM0200,0.2676955827567855,0.16530069185737095
WK020005,13652,GM0200,0.20729563433929094,0.11756519191327278
WK020006,8997,GM0200,0.1691675002778704,0.08902967655885295
WK020007,12404,GM0200,0.17574975814253466,0.0928732666881651
WK020008,8844,GM0200,0.1348937132519222,0.06840796019900497
WK020010,1866,GM0200,0.14094319399785638,0.05037513397642015
WK020011,369,GM0200,0.0975609756097561,0.04878048780487805
WK020012,915,GM0200,0.1923497267759563,0.09836065573770492
WK020013,1984,GM0200,0.20967741935483872,0.1275201612903226
WK020014,2771,GM0200,0.1974016600505233,0.11800793937206784
WK020015,853,GM0200,0.16881594372801875,0.0914419695193435
WK020016,970,GM0200,0.15360824742268042,0.08762886597938144
WK020017,2211,GM0200,0.1890547263681592,0.10583446404341927
WK020201,13180,GM0202,0.11638846737481032,0.06790591805766312
WK020202,2167,GM0202,0.10383017997231195,0.03322565759113982
WK020203,2928,GM0202,0.15334699453551912,0.08743169398907104
WK020204,2447,GM0202,0.18430731507968942,0.11565181855333061
WK020205,3810,GM0202,0.18136482939632545,0.1173228346456693
WK020206,3478,GM0202,0.07561817136285222,0.030477285796434734
WK020207,3442,GM0202,0.142068564787914,0.07902382335851249
WK020208,5431,GM0202,0.10237525317621064,0.054686061498803167
WK020209,2368,GM0202,0.09712837837837837,0.05489864864864865
WK020210,2282,GM0202,0.24364592462751972,0.17791411042944785
WK020211,1859,GM0202,0.21086605701990319,0.14577729962345348
WK020212,4283,GM0202,0.05603548914312398,0.02264767686201261
WK020213,1006,GM0202,0.12624254473161034,0.073558648111332
WK020214,3704,GM0202,0.08720302375809935,0.04373650107991361
WK020215,1148,GM0202,0.07229965156794425,0.040940766550522645
WK020216,2057,GM0202,0.1750121536217793,0.10695187165775401
WK020217,2639,GM0202,0.23266388783630162,0.1504357711254263
WK020218,3307,GM0202,0.22316298760205625,0.1575446023586332
WK020219,3736,GM0202,0.2044967880085653,0.1284796573875803
WK020220,1325,GM0202,0.1909433962264151,0.1169811320754717
WK020221,4260,GM0202,0.22652582159624413,0.13708920187793427
WK020222,6504,GM0202,0.24123616236162362,0.1497539975399754
WK020223,6416,GM0202,0.21929551122194513,0.1337281795511222
WK020224,5974,GM0202,0.1402745229327084,0.0746568463341145
WK020354,22573,GM0203,0.1441102201745448,0.07300757542196429
WK020355,6971,GM0203,0.1883517429350165,0.09639936881365657
WK020356,3131,GM0203,0.15043117214947302,0.06675183647396998
WK020357,1356,GM0203,0.19100294985250738,0.09587020648967552
WK020358,801,GM0203,0.17478152309612985,0.08614232209737828
WK020359,1006,GM0203,0.2624254473161034,0.1272365805168986
WK020360,980,GM0203,0.1989795918367347,0.10714285714285714
WK020361,490,GM0203,0.14081632653061224,0.06326530612244897
WK020362,263,GM0203,0.12927756653992395,0.07224334600760456
WK020901,10280,GM0209,0.1990272373540856,0.12840466926070038
WK020902,2039,GM0209,0.2339382050024522,0.13683178028445317
WK020903,2813,GM0209,0.19018841094916458,0.11375755421258443
WK020904,1448,GM0209,0.17886740331491713,0.10773480662983426
WK021303,2483,GM0213,0.18485702778896496,0.10793395086588804
WK021304,453,GM0213,0.18101545253863136,0.12362030905077263
WK021305,604,GM0213,0.15728476821192053,0.07450331125827815
WK021306,3533,GM0213,0.1950183979620719,0.12340786866685537
WK021400,2261,GM0214,0.23087129588677577,0.14285714285714285
WK021401,2398,GM0214,0.19641367806505422,0.11968306922435362
WK021402,1855,GM0214,0.2555256064690027,0.15795148247978436
WK021403,3072,GM0214,0.23990885416666666,0.14388020833333334
WK021404,1049,GM0214,0.2650142993326978,0.17063870352716873
WK021405,5046,GM0214,0.23444312326595323,0.16210860087197781
WK021406,393,GM0214,0.21119592875318066,0.12213740458015267
WK021600,10784,GM0216,0.14493694362017803,0.0858679525222552
WK021601,7212,GM0216,0.16819190238491402,0.1028840820854132
WK022101,8128,GM0221,0.1860236220472441,0.11774114173228346
WK022201,8421,GM0222,0.12777579859874125,0.0798004987531172
WK022202,3330,GM0222,0.26666666666666666,0.17147147147147146
WK022203,1298,GM0222,0.25192604006163327,0.16024653312788906
WK022204,2383,GM0222,0.20184641208560639,0.1376416281997482
WK022205,303,GM0222,0.12871287128712872,0.056105610561056105
WK022206,7351,GM0222,0.18215208815127193,0.10610801251530404
WK022207,3724,GM0222,0.17937701396348013,0.10096670247046187
WK022209,2197,GM0222,0.19572143832498862,0.11925352753755121
WK022211,3232,GM0222,0.19956683168316833,0.12283415841584158
WK022231,3962,GM0222,0.22009086320040383,0.14033316506814741
WK022500,7661,GM0225,0.18274376713222817,0.12426576164991515
WK022501,1163,GM0225,0.1650902837489252,0.0937231298366294
WK022502,1027,GM0225,0.18111002921129504,0.11587147030185005
WK022503,967,GM0225,0.28852119958634953,0.20372285418821096
WK022504,996,GM0225,0.1606425702811245,0.0853413654618474
WK022603,6872,GM0226,0.19979627473806752,0.11961583236321303
WK022604,6671,GM0226,0.1780842452405936,0.11032828661370109
WK022605,1150,GM0226,0.17652173913043478,0.10173913043478261
WK022606,745,GM0226,0.17181208053691274,0.10067114093959731
WK022801,14228,GM0228,0.11962327804329491,0.07035423109361821
WK022802,6749,GM0228,0.1809156912135131,0.10342272929322863
WK022803,5803,GM0228,0.17042908840255042,0.08926417370325694
WK022804,2414,GM0228,0.1499585749792875,0.07207953603976802
WK022810,6685,GM0228,0.14854151084517578,0.07928197456993269
WK022811,1986,GM0228,0.18328298086606243,0.10926485397784491
WK022812,4297,GM0228,0.18268559460088435,0.09145915755178032
WK022813,685,GM0228,0.15328467153284672,0.06715328467153285
WK022820,975,GM0228,0.14051282051282052,0.06358974358974359
WK022830,7991,GM0228,0.11850832186209485,0.06244525090727068
WK022840,7044,GM0228,0.1797274275979557,0.0820556501987507
WK022850,2487,GM0228,0.14837153196622438,0.07639726578206675
WK022870,1857,GM0228,0.25471190091545504,0.15455035002692516
WK022880,1280,GM0228,0.15078125,0.06640625
WK022890,1377,GM0228,0.18663761801016704,0.09731299927378359
WK023001,8270,GM0230,0.16783555018137847,0.10241837968561064
WK023002,4151,GM0230,0.20284268850879306,0.12478920741989882
WK023003,2584,GM0230,0.14976780185758515,0.09404024767801858
WK023200,11944,GM0232,0.16644340254521098,0.10457133288680509
WK023201,1590,GM0232,0.2408805031446541,0.1490566037735849
WK023202,7191,GM0232,0.18217215964399944,0.10387984981226533
WK023203,932,GM0232,0.11909871244635194,0.07081545064377683
WK023300,9180,GM0233,0.17080610021786494,0.0929193899782135
WK023301,4258,GM0233,0.11601690934711131,0.0643494598403006
WK023303,2759,GM0233,0.18158753171438927,0.0830010873504893
WK023304,983,GM0233,0.20956256358087488,0.10681586978636826
WK023305,487,GM0233,0.14784394250513347,0.057494866529774126
WK024400,6532,GM0244,0.12752602571953459,0.07516840171463564
WK024401,1560,GM0244,0.14551282051282052,0.07435897435897436
WK024600,8729,GM0246,0.16771680604880285,0.1075724596173674
WK024601,3471,GM0246,0.18841832324978391,0.11495246326707001
WK025200,9095,GM0252,0.12424409015942826,0.07630566245189664
WK025201,2129,GM0252,0.15453264443400658,0.10615312353217474
WK026200,9395,GM0262,0.09377328366152209,0.04981373070782331
WK026201,1603,GM0262,0.13786650031191516,0.07548346849656894
WK026202,2790,GM0262,0.13082437275985664,0.04229390681003584
WK026203,1083,GM0262,0.11542012927054478,0.05817174515235457
WK026204,6490,GM0262,0.12326656394453005,0.06286594761171033
WK026205,2119,GM0262,0.10099103350637093,0.049079754601226995
WK026300,7420,GM0263,0.29487870619946094,0.20121293800539083
WK026301,2479,GM0263,0.24647035094796288,0.16942315449778136
WK026302,2975,GM0263,0.2107563025210084,0.14050420168067226
WK026303,705,GM0263,0.324822695035461,0.20709219858156028
WK026304,1972,GM0263,0.20740365111561865,0.140973630831643
WK026701,18166,GM0267,0.1779147858637014,0.10409556313993173
WK026702,816,GM0267,0.19975490196078433,0.11274509803921569
WK026703,2706,GM0267,0.26127124907612714,0.16186252771618626
WK026705,5888,GM0267,0.15302309782608695,0.08050271739130435
WK026801,13299,GM0268,0.08579592450560193,0.04895104895104895
WK026802,20608,GM0268,0.056822593167701864,0.027368012422360248
WK026803,8113,GM0268,0.1458153580672994,0.09885369160606435
WK026804,7144,GM0268,0.14095744680851063,0.09182530795072788
WK026805,17565,GM0268,0.09450612012524907,0.06347850839738116
WK026806,12157,GM0268,0.14427901620465575,0.098790820103644
WK026807,10279,GM0268,0.23650160521451502,0.15799202257028894
WK026808,7362,GM0268,0.2659603368649823,0.17454496060853028
WK026809,12430,GM0268,0.08793242156074015,0.046902654867256637
WK026900,5812,GM0269,0.14693737095664144,0.09394356503785271
WK026901,7622,GM0269,0.21792180530044608,0.14195749147205458
WK026902,1374,GM0269,0.08879184861717612,0.040756914119359534
WK027300,14951,GM0273,0.17296501906227008,0.09785298642231288
WK027301,1039,GM0273,0.1915303176130895,0.11934552454282965
WK027401,2823,GM0274,0.179596174282678,0.11831385051363798
WK027402,3027,GM0274,0.16914436736042285,0.11067063098777667
WK027403,1301,GM0274,0.15142198308993082,0.08993082244427364
WK027405,824,GM0274,0.11771844660194175,0.05946601941747573
WK027406,52,GM0274,0.038461538461538464,0.038461538461538464
WK027407,1216,GM0274,0.1225328947368421,0.049342105263157895
WK027408,1566,GM0274,0.16347381864623245,0.09642401021711366
WK027410,759,GM0274,0.11594202898550725,0.07114624505928854
WK027411,2657,GM0274,0.07677832141512984,0.02822732404968009
WK027412,6833,GM0274,0.09278501390311722,0.05678325771988878
WK027500,9241,GM0275,0.1809327994805757,0.1122172925008116
WK027501,8561,GM0275,0.14379161312930733,0.09753533465716623
WK027502,9820,GM0275,0.17138492871690428,0.10621181262729124
WK027700,156,GM0277,0.10256410256410256,0.07051282051282051
WK027900,6673,GM0279,0.17578300614416303,0.09995504270942604
WK028100,10545,GM0281,0.21944049312470365,0.13835941204362256
WK028101,8606,GM0281,0.24052986288635836,0.15268417383221008
WK028102,1057,GM0281,0.23651844843897823,0.1466414380321665
WK028103,3000,GM0281,0.20833333333333334,0.11833333333333333
WK028501,2025,GM0285,0.07061728395061728,0.04938271604938271
WK029300,7381,GM0293,0.21365668608589622,0.14198618073431785
WK029400,12618,GM0294,0.15715644317641464,0.09232841971786337
WK029401,5350,GM0294,0.1611214953271028,0.07962616822429906
WK029601,21666,GM0296,0.1865134311824979,0.11866518969814456
WK029602,498,GM0296,0.21887550200803213,0.11646586345381527
WK029603,396,GM0296,0.1893939393939394,0.12373737373737374
WK029604,1062,GM0296,0.1647834274952919,0.1120527306967985
WK029605,665,GM0296,0.15037593984962405,0.08270676691729323
WK029607,317,GM0296,0.167192429022082,0.10410094637223975
WK029608,977,GM0296,0.22006141248720573,0.14534288638689866
WK029700,9029,GM0297,0.15206556650791891,0.09535939749695425
WK029701,4383,GM0297,0.20967373944786677,0.12480036504677161
WK029702,3326,GM0297,0.15724594107035478,0.08749248346361996
WK029703,975,GM0297,0.1282051282051282,0.06666666666666667
WK029900,17075,GM0299,0.17686676427525622,0.11068814055636896
WK029901,1403,GM0299,0.19814682822523164,0.12544547398431932
WK029902,818,GM0299,0.16625916870415647,0.10635696821515893
WK029903,1996,GM0299,0.21693386773547094,0.1497995991983968
WK029904,581,GM0299,0.23580034423407917,0.14285714285714285
WK029906,1522,GM0299,0.23193166885676741,0.17148488830486203
WK029907,487,GM0299,0.1806981519507187,0.14168377823408623
WK029908,571,GM0299,0.2714535901926445,0.1628721541155867
WK029909,1876,GM0299,0.31183368869936035,0.19936034115138593
WK029910,1204,GM0299,0.2599667774086379,0.14451827242524917
WK029911,302,GM0299,0.4105960264900662,0.2814569536423841
WK030100,10028,GM0301,0.10490626246509772,0.059433585959313924
WK030101,3800,GM0301,0.21052631578947367,0.13105263157894737
WK030102,2150,GM0301,0.16093023255813954,0.08837209302325581
WK030103,4351,GM0301,0.1937485635486095,0.10985980234428867
WK030104,4003,GM0301,0.1476392705470897,0.07844116912315763
WK030105,5868,GM0301,0.13207225630538513,0.07736877982276755
WK030200,15161,GM0302,0.16898621462964183,0.10428072026911153
WK030201,3312,GM0302,0.12681159420289856,0.0552536231884058
WK030301,4740,GM0303,0.1770042194092827,0.08734177215189873
WK030302,1333,GM0303,0.24006001500375093,0.11702925731432859
WK030303,3659,GM0303,0.19568188029516262,0.09565455042361301
WK030304,4778,GM0303,0.1921305985768104,0.09313520301381331
WK030305,1496,GM0303,0.17713903743315507,0.0768716577540107
WK030306,3426,GM0303,0.2711617046117922,0.14068884997081144
WK030307,3387,GM0303,0.2601121936817242,0.14968999114260406
WK030800,13759,GM0308,0.13576568064539574,0.07994767061559706
WK030801,4808,GM0308,0.17346089850249585,0.09151414309484193
WK030804,332,GM0308,0.14759036144578314,0.07530120481927711
WK030805,247,GM0308,0.17408906882591094,0.07692307692307693
WK031001,766,GM0310,0.11488250652741515,0.06788511749347259
WK031002,935,GM0310,0.14224598930481283,0.06310160427807486
WK031003,3024,GM0310,0.14947089947089948,0.09060846560846561
WK031004,1047,GM0310,0.10888252148997135,0.049665711556829036
WK031006,3321,GM0310,0.0680517916290274,0.029208069858476363
WK031007,1135,GM0310,0.12422907488986784,0.07400881057268723
WK031008,5577,GM0310,0.1362739824278286,0.07746100053792361
WK031009,4129,GM0310,0.10486800678130298,0.05425042383143618
WK031010,2022,GM0310,0.12858555885262116,0.057863501483679525
WK031200,4016,GM0312,0.0824203187250996,0.04656374501992032
WK031201,4773,GM0312,0.10789859627068929,0.07144353655981563
WK031202,1518,GM0312,0.1251646903820817,0.07180500658761528
WK031300,13721,GM0313,0.23861234603891845,0.14233656439035056
WK031702,6299,GM0317,0.17367836164470551,0.09525321479599937
WK032110,9810,GM0321,0.13139653414882774,0.0779816513761468
WK032111,5982,GM0321,0.12069541959210967,0.0802407221664995
WK032112,5036,GM0321,0.12410643367752185,0.06513105639396347
WK032113,5285,GM0321,0.12961210974456008,0.07133396404919584
WK032120,3140,GM0321,0.14522292993630573,0.0821656050955414
WK032131,523,GM0321,0.1491395793499044,0.09369024856596558
WK032140,546,GM0321,0.20146520146520147,0.13736263736263737
WK032150,1196,GM0321,0.13127090301003344,0.07357859531772576
WK032700,9014,GM0327,0.11038384734856889,0.06345684490792101
WK032701,6318,GM0327,0.1440329218106996,0.07122507122507123
WK032702,3201,GM0327,0.10184317400812246,0.053420805998125584
WK032703,1625,GM0327,0.20553846153846153,0.09538461538461539
WK032704,507,GM0327,0.14595660749506903,0.07100591715976332
WK033100,9361,GM0331,0.21151586368977673,0.11814977032368337
WK033900,3554,GM0339,0.18486212718064154,0.09482273494653912
WK034000,669,GM0340,0.20478325859491778,0.10463378176382661
WK034001,1212,GM0340,0.16419141914191418,0.09818481848184818
WK034002,4829,GM0340,0.16794367363843446,0.10519776351211431
WK034003,1182,GM0340,0.19289340101522842,0.10744500846023688
WK034005,2222,GM0340,0.12196219621962197,0.06570657065706571
WK034013,2578,GM0340,0.23545384018619084,0.1547711404189294
WK034201,5156,GM0342,0.1386733902249806,0.07117920868890613
WK034202,1035,GM0342,0.20869565217391303,0.11594202898550725
WK034203,1195,GM0342,0.200836820083682,0.10543933054393305
WK034204,4030,GM0342,0.16228287841191066,0.08064516129032258
WK034205,2353,GM0342,0.19762005949851252,0.11857203569910753
WK034206,4115,GM0342,0.17861482381530985,0.10838396111786149
WK034207,4442,GM0342,0.11458802341287708,0.052678973435389465
WK034208,4142,GM0342,0.2141477547078706,0.11202317720907774
WK034401,18219,GM0344,0.04841099950601021,0.02343707118941764
WK034402,21633,GM0344,0.11473212222068137,0.07354504691905885
WK034403,12577,GM0344,0.11719805995070366,0.07466009382205613
WK034404,21668,GM0344,0.04255122761676205,0.01942957356470371
WK034405,22749,GM0344,0.04914501736340059,0.022022946063563233
WK034406,18741,GM0344,0.04546182167440371,0.019209220425804387
WK034407,14453,GM0344,0.0788763578495814,0.04663391683387532
WK034408,16052,GM0344,0.0656615998006479,0.03681784201345627
WK034409,20906,GM0344,0.0962881469434612,0.05232947479192576
WK034410,27079,GM0344,0.15369843790391077,0.09062373056612134
WK034500,4172,GM0345,0.19079578139980824,0.11049856184084372
WK034501,8900,GM0345,0.1550561797752809,0.0853932584269663
WK034502,8904,GM0345,0.18194070080862534,0.09984276729559749
WK034503,2493,GM0345,0.19614921780986763,0.11151223425591657
WK034504,3712,GM0345,0.17860991379310345,0.09671336206896551
WK034505,9232,GM0345,0.16930242634315423,0.09434575389948006
WK035100,8723,GM0351,0.14478963659291527,0.07313997477931904
WK035200,12294,GM0352,0.1920448999511957,0.1143647307629738
WK035202,1986,GM0352,0.1797583081570997,0.09415911379657603
WK035203,1400,GM0352,0.14857142857142858,0.07785714285714286
WK035300,20747,GM0353,0.17462765701065214,0.10362944040102183
WK035501,7398,GM0355,0.12706136793728035,0.06758583400919167
WK035502,11610,GM0355,0.13600344530577088,0.0838931955211025
WK035503,5126,GM0355,0.12329301599687865,0.07296137339055794
WK035504,6661,GM0355,0.09803332832907971,0.046689686233298305
WK035505,4902,GM0355,0.14728682170542637,0.08139534883720931
WK035601,1602,GM0356,0.2091136079900125,0.12921348314606743
WK035602,1923,GM0356,0.21632865314612584,0.12584503380135206
WK035603,2041,GM0356,0.21362077413032826,0.13032827045565898
WK035604,4122,GM0356,0.20063076176613295,0.11499272197962154
WK035605,2948,GM0356,0.2025101763907734,0.12415196743554953
WK035607,1387,GM0356,0.1788031723143475,0.10237923576063446
WK035608,5974,GM0356,0.19618346166722464,0.12939404084365586
WK035610,2212,GM0356,0.2224231464737794,0.13878842676311032
WK035611,1532,GM0356,0.206266318537859,0.14033942558746737
WK035612,2187,GM0356,0.2085048010973937,0.13808870598994055
WK035613,1633,GM0356,0.2131047152480098,0.12982241273729334
WK035614,787,GM0356,0.1905972045743329,0.11689961880559085
WK035616,1103,GM0356,0.24025385312783318,0.15321849501359927
WK035624,7203,GM0356,0.1435512980702485,0.10093016798556158
WK035625,640,GM0356,0.178125,0.0890625
WK035800,9830,GM0358,0.17884028484231942,0.10264496439471008
WK035801,5029,GM0358,0.21236826406840326,0.11632531318353549
WK035802,4646,GM0358,0.19242359018510546,0.10202324580284115
WK036101,5426,GM0361,0.13324732768153336,0.0657943236269812
WK036102,7608,GM0361,0.17179284963196634,0.09069400630914827
WK036103,6277,GM0361,0.19786522223992353,0.10705751155010355
WK036104,6994,GM0361,0.15370317414927082,0.0744924220760652
WK036105,4007,GM0361,0.20314449713002247,0.10331919141502371
WK036106,8039,GM0361,0.2178131608409006,0.10822241572334867
WK036107,7171,GM0361,0.2168456282247943,0.11142100125505508
WK036108,6744,GM0361,0.14427639383155397,0.06331553973902729
WK036109,2735,GM0361,0.16416819012797074,0.08482632541133456
WK036110,4081,GM0361,0.1771624601813281,0.0940945846606224
WK036111,2579,GM0361,0.15199689802248934,0.07754943776657619
WK036201,4380,GM0362,0.07899543378995434,0.036301369863013695
WK036202,1600,GM0362,0.133125,0.075
WK036203,3739,GM0362,0.08130516180797004,0.036105910671302484
WK036204,1412,GM0362,0.12606232294617564,0.08144475920679886
WK036205,1074,GM0362,0.0521415270018622,0.013966480446927373
WK036206,4089,GM0362,0.14331132306187333,0.08168256297383224
WK036207,380,GM0362,0.07368421052631578,0.02368421052631579
WK036208,13235,GM0362,0.1291273139403098,0.08613524744994333
WK036209,2165,GM0362,0.1745958429561201,0.10069284064665127
WK036210,5242,GM0362,0.16215185043876382,0.09462037390309043
WK036211,5991,GM0362,0.1585711901185111,0.08078784843932565
WK036212,2321,GM0362,0.11934510986643689,0.058595433003015944
WK036213,1070,GM0362,0.1383177570093458,0.08598130841121496
WK0363AA,7442,GM0363,0.07403923676431066,0.038833646869121205
WK0363AB,11904,GM0363,0.08501344086021505,0.039566532258064516
WK0363AC,2328,GM0363,0.05154639175257732,0.01761168384879725
WK0363AD,3203,GM0363,0.06712457071495473,0.02965969403684046
WK0363AE,3218,GM0363,0.06960845245494096,0.028899937849596023
WK0363AF,6750,GM0363,0.07348148148148148,0.03674074074074074
WK0363AG,2406,GM0363,0.07356608478802992,0.027847049044056525
WK0363AH,7472,GM0363,0.05380085653104925,0.01806745182012848
WK0363AJ,3616,GM0363,0.05033185840707965,0.01797566371681416
WK0363AK,8257,GM0363,0.06188688385612208,0.03451616809979412
WK0363EB,4944,GM0363,0.09283980582524272,0.04874595469255663
WK0363EC,2119,GM0363,0.052383199622463426,0.01651722510618216
WK0363ED,3348,GM0363,0.04778972520908005,0.022401433691756272
WK0363EE,9578,GM0363,0.0635832115264147,0.03476717477552725
WK0363EF,2559,GM0363,0.05275498241500586,0.028526768268855023
WK0363EG,3660,GM0363,0.08387978142076502,0.04262295081967213
WK0363EH,4879,GM0363,0.08751793400286945,0.0428366468538635
WK0363EJ,1205,GM0363,0.07634854771784233,0.03402489626556016
WK0363EK,1402,GM0363,0.06633380884450785,0.029957203994293864
WK0363EL,2450,GM0363,0.06448979591836734,0.035918367346938776
WK0363EM,7046,GM0363,0.06571104172580187,0.031223389156968494
WK0363EN,2913,GM0363,0.06282183316168898,0.029522828698935806
WK0363EP,4034,GM0363,0.06916212196331185,0.036936043629152204
WK0363EQ,3646,GM0363,0.058145913329676356,0.024958859023587493
WK0363ER,2871,GM0363,0.07488679902473006,0.03796586555207245
WK0363ES,1468,GM0363,0.0946866485013624,0.05926430517711172
WK0363ET,3850,GM0363,0.06207792207792208,0.023896103896103898
WK0363EU,2808,GM0363,0.051994301994301995,0.02492877492877493
WK0363EV,2521,GM0363,0.046806822689408965,0.013883379611265371
WK0363FA,438,GM0363,0.10273972602739725,0.045662100456621
WK0363FB,6425,GM0363,0.11019455252918288,0.07050583657587549
WK0363FC,3479,GM0363,0.10204081632653061,0.06352400114975568
WK0363FD,2193,GM0363,0.09940720474236206,0.05973552211582307
WK0363FE,780,GM0363,0.09743589743589744,0.06282051282051282
WK0363FF,242,GM0363,0.2231404958677686,0.1487603305785124
WK0363FG,3620,GM0363,0.14834254143646408,0.09033149171270718
WK0363FH,3178,GM0363,0.16677155443675268,0.10698552548772813
WK0363FJ,5113,GM0363,0.09974574613729709,0.06062976725992568
WK0363FK,7844,GM0363,0.13462519122896482,0.08414074451810301
WK0363FL,4194,GM0363,0.08392942298521698,0.05340963280877444
WK0363FM,5175,GM0363,0.05429951690821256,0.02434782608695652
WK0363FN,6509,GM0363,0.09002919035182055,0.051467199262559535
WK0363FP,3167,GM0363,0.07641300915693085,0.03283864856330913
WK0363FQ,7389,GM0363,0.15225334957369063,0.09067532819055353
WK0363KA,5694,GM0363,0.07165437302423604,0.03600280997541271
WK0363KB,1124,GM0363,0.07384341637010676,0.03291814946619217
WK0363KC,5305,GM0363,0.052591894439208295,0.019604147031102734
WK0363KD,10996,GM0363,0.056475081847944704,0.021189523463077484
WK0363KE,5334,GM0363,0.07330333708286464,0.02962129733783277
WK0363KF,9713,GM0363,0.06527334500154432,0.0282096159785854
WK0363KG,1302,GM0363,0.07219662058371736,0.041474654377880185
WK0363KH,6115,GM0363,0.08912510220768602,0.03793949304987735
WK0363KJ,6331,GM0363,0.06823566577160006,0.030326962565155585
WK0363KK,5276,GM0363,0.08263836239575435,0.03847611827141774
WK0363KL,1029,GM0363,0.056365403304178816,0.013605442176870748
WK0363KM,4032,GM0363,0.078125,0.033482142857142856
WK0363KN,770,GM0363,0.06103896103896104,0.016883116883116882
WK0363KP,7224,GM0363,0.07751937984496124,0.03045404208194906
WK0363KQ,5872,GM0363,0.13521798365122617,0.07782697547683924
WK0363KR,2822,GM0363,0.14635010630758327,0.07795889440113395
WK0363MA,10947,GM0363,0.051429615419749705,0.024298894674340002
WK0363MB,1167,GM0363,0.03941730934018852,0.017994858611825194
WK0363MC,7168,GM0363,0.04799107142857143,0.0205078125
WK0363MD,3942,GM0363,0.05657026889903602,0.030441400304414
WK0363ME,8192,GM0363,0.06201171875,0.033447265625
WK0363MF,5409,GM0363,0.05638750231096321,0.028101312627102977
WK0363MG,4196,GM0363,0.058388941849380364,0.0328884652049571
WK0363MH,2034,GM0363,0.05555555555555555,0.019174041297935103
WK0363MJ,6082,GM0363,0.07070042749095692,0.031404143373890164
WK0363MK,1334,GM0363,0.08470764617691154,0.034482758620689655
WK0363ML,2690,GM0363,0.0657992565055762,0.02267657992565056
WK0363MM,7042,GM0363,0.0691564896336268,0.04032945186026697
WK0363MN,5886,GM0363,0.0564050288820931,0.025314305130818893
WK0363MP,1302,GM0363,0.1881720430107527,0.12135176651305683
WK0363MQ,3028,GM0363,0.06010568031704095,0.027080581241743725
WK0363NA,3651,GM0363,0.19967132292522596,0.11695425910709395
WK0363NB,3923,GM0363,0.06015804231455519,0.028039765485597758
WK0363NC,6166,GM0363,0.23451183911774245,0.1621796951021732
WK0363ND,1279,GM0363,0.2259577795152463,0.14777169663799844
WK0363NE,5747,GM0363,0.1452931964503219,0.09796415521141465
WK0363NG,1018,GM0363,0.10117878192534381,0.054027504911591355
WK0363NH,5947,GM0363,0.1289725912224651,0.07617286026568018
WK0363NJ,4148,GM0363,0.12415621986499518,0.07304725168756027
WK0363NK,4434,GM0363,0.17320703653585928,0.11998195760036084
WK0363NL,3373,GM0363,0.11028757782389564,0.07322857989919952
WK0363NM,1064,GM0363,0.2556390977443609,0.17763157894736842
WK0363NN,2515,GM0363,0.18648111332007952,0.13836978131212724
WK0363NQ,1413,GM0363,0.08775654635527247,0.0537862703467799
WK0363SA,962,GM0363,0.21933471933471935,0.12785862785862787
WK0363SB,2656,GM0363,0.11822289156626506,0.06701807228915663
WK0363SC,2794,GM0363,0.13600572655690765,0.07659269863994274
WK0363SD,4722,GM0363,0.11012282930961458,0.0688267683185091
WK0363SE,2022,GM0363,0.1834817012858556,0.10435212660731949
WK0363TA,444,GM0363,0.07882882882882883,0.02027027027027027
WK0363TB,1395,GM0363,0.08673835125448029,0.04874551971326165
WK0363TC,6058,GM0363,0.08534169692967976,0.04655001650709805
WK0363TD,1074,GM0363,0.07355679702048418,0.048417132216014895
WK0363TE,4433,GM0363,0.08188585607940446,0.04195804195804196
WK0363TF,3026,GM0363,0.09881031064111037,0.05452742894910773
WK0363TG,1289,GM0363,0.07602792862684252,0.041117145073700546
WK0363TH,1407,GM0363,0.0867093105899076,0.04619758351101635
WK0363TJ,3196,GM0363,0.1123279098873592,0.06633291614518148
WK0363TK,1427,GM0363,0.1324456902592852,0.06166783461807989
WK0363TL,3635,GM0363,0.10343878954607978,0.05392022008253095
WK0363TM,4545,GM0363,0.1405940594059406,0.08074807480748075
WK037301,11455,GM0373,0.12946311654299433,0.07472719336534264
WK037302,258,GM0373,0.15891472868217055,0.06976744186046512
WK037304,2143,GM0373,0.324778348110126,0.20391973868408772
WK037305,1704,GM0373,0.23767605633802816,0.13615023474178403
WK037306,2052,GM0373,0.22660818713450293,0.12524366471734893
WK037307,3098,GM0373,0.1355713363460297,0.06423499031633312
WK037601,7671,GM0376,0.15969234780341546,0.08121496545430844
WK037700,3246,GM0377,0.09272951324707332,0.04436229205175601
WK037701,5310,GM0377,0.06327683615819209,0.03596986817325801
WK037702,2726,GM0377,0.09537784299339692,0.03741746148202495
WK037703,1349,GM0377,0.16011860637509265,0.08154188287620459
WK037704,2997,GM0377,0.12178845512178846,0.06606606606606606
WK038300,2239,GM0383,0.13890129522108083,0.06744082179544439
WK038301,2549,GM0383,0.1306394664574343,0.07414672420557081
WK038302,9486,GM0383,0.11722538477756694,0.0640944549862956
WK038303,558,GM0383,0.08422939068100359,0.03763440860215054
WK038304,2591,GM0383,0.13315322269394056,0.07024314936318024
WK038305,3036,GM0383,0.22332015810276679,0.11067193675889328
WK038307,4751,GM0383,0.1795411492317407,0.0808250894548516
WK038401,3489,GM0384,0.17368873602751506,0.10117512181140728
WK038402,6913,GM0384,0.14812671777809924,0.08823954867640676
WK038403,2706,GM0384,0.1541019955654102,0.09903917220990392
WK038405,1186,GM0384,0.08010118043844856,0.02023608768971332
WK038407,402,GM0384,0.07462686567164178,0.04228855721393035
WK038500,4247,GM0385,0.19237108547209794,0.10430892394631505
WK038502,13789,GM0385,0.5344840089926753,0.3335992457756182
WK038503,370,GM0385,0.1945945945945946,0.12972972972972974
WK038504,2120,GM0385,0.22452830188679246,0.12783018867924528
WK038505,458,GM0385,0.1572052401746725,0.10043668122270742
WK038506,474,GM0385,0.20464135021097046,0.12658227848101267
WK038507,598,GM0385,0.22742474916387959,0.13043478260869565
WK038800,5682,GM0388,0.16367476240760295,0.08993312214009151
WK038801,5580,GM0388,0.25555555555555554,0.1388888888888889
WK039201,11053,GM0392,0.09309689677010766,0.03655116258029494
WK039202,7270,GM0392,0.08720770288858322,0.04607977991746905
WK039203,5975,GM0392,0.10209205020920502,0.05606694560669456
WK039204,4412,GM0392,0.09950135992747053,0.04941069809610154
WK039205,3126,GM0392,0.06813819577735125,0.025911708253358926
WK039206,1065,GM0392,0.20469483568075117,0.13145539906103287
WK039207,3794,GM0392,0.18977332630469163,0.11649973642593568
WK039208,2637,GM0392,0.23890784982935154,0.1528251801289344
WK039209,2900,GM0392,0.20413793103448277,0.1310344827586207
WK039210,5097,GM0392,0.14165195212870316,0.07769276044732196
WK039211,3919,GM0392,0.172492982903802,0.10104618525133963
WK039212,6616,GM0392,0.07360943168077388,0.037484885126964934
WK039213,4594,GM0392,0.10252503265128428,0.05354810622551154
WK039214,3054,GM0392,0.12213490504256712,0.060903732809430254
WK039215,2202,GM0392,0.20935513169845596,0.11035422343324251
WK039216,2462,GM0392,0.15678310316815597,0.08895207148659626
WK039217,386,GM0392,0.14507772020725387,0.06735751295336788
WK039218,3179,GM0392,0.148474363007235,0.08367411135577225
WK039219,2992,GM0392,0.14338235294117646,0.08957219251336898
WK039220,3641,GM0392,0.1897830266410327,0.10546553144740456
WK039221,3706,GM0392,0.1737722611980572,0.11279007015650297
WK039401,38671,GM0394,0.18760828527837398,0.10620361511209951
WK039402,15904,GM0394,0.2017102615694165,0.10940643863179074
WK039403,4404,GM0394,0.3505903723887375,0.2195731153496821
WK039405,7170,GM0394,0.20418410041841004,0.11659693165969316
WK039406,307,GM0394,0.247557003257329,0.13029315960912052
WK039407,2287,GM0394,0.2505465675557499,0.14429383471797114
WK039408,662,GM0394,0.2311178247734139,0.11933534743202417
WK039409,861,GM0394,0.2694541231126597,0.1800232288037166
WK039410,1990,GM0394,0.22663316582914572,0.1271356783919598
WK039411,644,GM0394,0.296583850931677,0.15683229813664595
WK039412,1400,GM0394,0.19857142857142857,0.10928571428571429
WK039413,588,GM0394,0.19727891156462585,0.11394557823129252
WK039415,3881,GM0394,0.19350682813707806,0.11105385209997423
WK039420,2032,GM0394,0.16781496062992127,0.09005905511811024
WK039421,302,GM0394,0.1390728476821192,0.08278145695364239
WK039422,1270,GM0394,0.25275590551181104,0.14803149606299212
WK039601,894,GM0396,0.2360178970917226,0.1174496644295302
WK039602,1042,GM0396,0.2053742802303263,0.10652591170825336
WK039603,729,GM0396,0.20713305898491083,0.11385459533607682
WK039604,1077,GM0396,0.18570102135561745,0.09099350046425256
WK039605,1110,GM0396,0.28378378378378377,0.15315315315315314
WK039606,781,GM0396,0.18437900128040974,0.08706786171574904
WK039607,3532,GM0396,0.21149490373725935,0.1160815402038505
WK039608,2393,GM0396,0.21646468867530297,0.1287087338069369
WK039610,1870,GM0396,0.21336898395721926,0.10374331550802139
WK039700,12493,GM0397,0.09669414872328504,0.046746177859601376
WK039701,1710,GM0397,0.16666666666666666,0.09590643274853801
WK039902,1044,GM0399,0.1206896551724138,0.05747126436781609
WK039903,5822,GM0399,0.11130195809000344,0.06063208519409138
WK039905,7691,GM0399,0.13561305421921727,0.06137043297360551
WK039906,2310,GM0399,0.15064935064935064,0.08225108225108226
WK040001,5772,GM0400,0.3444213444213444,0.20131670131670132
WK040002,8297,GM0400,0.20838857418343978,0.1378811618657346
WK040003,2560,GM0400,0.26875,0.150390625
WK040004,3260,GM0400,0.297239263803681,0.17300613496932515
WK040005,4480,GM0400,0.31941964285714286,0.1953125
WK040006,910,GM0400,0.23296703296703297,0.12197802197802197
WK040008,7085,GM0400,0.26972477064220185,0.1534227240649259
WK040201,4686,GM0402,0.1342296201451131,0.061886470337174565
WK040202,5819,GM0402,0.12149853926791544,0.05069599587558
WK040203,4406,GM0402,0.2058556513844757,0.12936904221516116
WK040204,11554,GM0402,0.13043101956032543,0.07581789856326814
WK040205,8588,GM0402,0.11422915696320447,0.08092687470889613
WK040206,10759,GM0402,0.17483037457012734,0.10856027511850544
WK040207,3476,GM0402,0.20972382048331414,0.12859608745684695
WK040208,2137,GM0402,0.15629386991109032,0.09546092653252222
WK040510,2693,GM0405,0.15150389899740066,0.06721128852580766
WK040511,1260,GM0405,0.2111111111111111,0.1111111111111111
WK040512,2782,GM0405,0.17289719626168223,0.08626887131560029
WK040513,2989,GM0405,0.23519571763131483,0.1251254600200736
WK040520,2498,GM0405,0.21937550040032025,0.100080064051241
WK040521,3622,GM0405,0.2628382109331861,0.1413583655438984
WK040522,8518,GM0405,0.1514440009391876,0.09567973702747123
WK040530,2149,GM0405,0.2080037226617031,0.10795718939041414
WK040531,2291,GM0405,0.19467481449148843,0.1056307289393278
WK040532,1071,GM0405,0.2166199813258637,0.11204481792717087
WK040533,3470,GM0405,0.19855907780979828,0.10317002881844381
WK040535,3168,GM0405,0.16477272727272727,0.07133838383838384
WK040600,2200,GM0406,0.16318181818181818,0.08272727272727273
WK040601,997,GM0406,0.16850551654964896,0.08625877632898696
WK040604,3147,GM0406,0.12297426120114395,0.05433746425166826
WK040605,1791,GM0406,0.19988833054159688,0.11446119486320491
WK040606,4609,GM0406,0.18246908223041874,0.1054458667823823
WK040607,1564,GM0406,0.18989769820971866,0.09526854219948849
WK040608,2602,GM0406,0.18524212144504226,0.10453497309761722
WK040610,1053,GM0406,0.22032288698955366,0.11016144349477683
WK040611,5395,GM0406,0.1866543095458758,0.10732159406858202
WK041501,335,GM0415,0.22388059701492538,0.14029850746268657
WK041502,484,GM0415,0.24793388429752067,0.14256198347107438
WK041503,6675,GM0415,0.20779026217228463,0.12659176029962546
WK041703,7555,GM0417,0.13262739907346127,0.07068166776968894
WK042001,4400,GM0420,0.2725,0.14431818181818182
WK042002,989,GM0420,0.19211324570273003,0.10717896865520728
WK042003,628,GM0420,0.1942675159235669,0.09076433121019108
WK042005,1299,GM0420,0.21862971516551194,0.12240184757505773
WK042007,872,GM0420,0.2098623853211009,0.09862385321100918
WK042008,5352,GM0420,0.148542600896861,0.08763079222720478
WK042009,353,GM0420,0.2521246458923513,0.11331444759206799
WK042010,1348,GM0420,0.18620178041543026,0.09792284866468842
WK042011,1214,GM0420,0.24958813838550248,0.14085667215815487
WK042012,478,GM0420,0.2280334728033473,0.1297071129707113
WK042013,421,GM0420,0.166270783847981,0.0855106888361045
WK042014,644,GM0420,0.234472049689441,0.13664596273291926
WK042015,4482,GM0420,0.2458723784024989,0.12940651494868363
WK042016,3783,GM0420,0.2315622521808089,0.1231826592651335
WK043100,5653,GM0431,0.25243233681231203,0.1510702281974173
WK043201,2025,GM0432,0.2528395061728395,0.13876543209876543
WK043202,1822,GM0432,0.21185510428100987,0.10373216245883644
WK043203,1891,GM0432,0.20200951877313592,0.09307244843997885
WK043204,392,GM0432,0.2372448979591837,0.09693877551020408
WK043205,591,GM0432,0.19458544839255498,0.1116751269035533
WK043901,10569,GM0439,0.20474973980509037,0.13426057337496453
WK043902,5083,GM0439,0.25595120991540427,0.14873106433208735
WK043903,3913,GM0439,0.2714030155890621,0.16330181446460515
WK043904,4615,GM0439,0.27150595882990247,0.16793066088840736
WK043905,8322,GM0439,0.3049747656813266,0.18733477529440037
WK043906,6095,GM0439,0.26611977030352746,0.15931091058244462
WK043907,8123,GM0439,0.23538101686569002,0.14194263203250032
WK043908,6713,GM0439,0.17518248175182483,0.0957842991211083
WK044101,1096,GM0441,0.1897810218978102,0.09032846715328467
WK044102,1974,GM0441,0.1752786220871327,0.08814589665653495
WK044103,470,GM0441,0.2276595744680851,0.125531914893617
WK044104,751,GM0441,0.21837549933422104,0.0985352862849534
WK044105,2847,GM0441,0.19423955040393395,0.09378292939936776
WK044106,3097,GM0441,0.18663222473361318,0.09008718114304165
WK044107,1556,GM0441,0.19023136246786632,0.10668380462724936
WK044108,979,GM0441,0.2247191011235955,0.12257405515832483
WK044109,426,GM0441,0.2652582159624413,0.17370892018779344
WK044110,6730,GM0441,0.1175334323922734,0.07221396731054977
WK044111,892,GM0441,0.23766816143497757,0.1311659192825112
WK044112,733,GM0441,0.1937244201909959,0.0791268758526603
WK044113,1319,GM0441,0.22365428354814254,0.10462471569370735
WK044115,1409,GM0441,0.22569198012775019,0.13413768630234207
WK044116,2135,GM0441,0.2107728337236534,0.10725995316159251
WK044117,1604,GM0441,0.1483790523690773,0.0685785536159601
WK044118,2194,GM0441,0.19644484958979033,0.10391978122151321
WK044800,8073,GM0448,0.17973491886535364,0.0858416945373467
WK044801,1057,GM0448,0.2109744560075686,0.12771996215704826
WK045000,9143,GM0450,0.1705129607349885,0.09132669802034343
WK045125,719,GM0451,0.3031988873435327,0.16550764951321278
WK045135,3543,GM0451,0.19898391193903472,0.10866497318656505
WK045145,3581,GM0451,0.21697849762636134,0.10611561016475844
WK045150,2830,GM0451,0.196113074204947,0.10989399293286219
WK045165,1276,GM0451,0.17711598746081506,0.07288401253918496
WK045175,752,GM0451,0.20212765957446807,0.09707446808510638
WK045185,3237,GM0451,0.21439604572134693,0.10534445474204511
WK045300,2864,GM0453,0.1337290502793296,0.06634078212290503
WK045301,3865,GM0453,0.31746442432082794,0.2033635187580854
WK045302,8241,GM0453,0.235286979735469,0.1519233102778789
WK045303,2266,GM0453,0.3680494263018535,0.21579876434245365
WK045304,5529,GM0453,0.32211973232049196,0.19949357930909747
WK045305,2207,GM0453,0.3570457634798369,0.2242863615768011
WK045306,4477,GM0453,0.1380388653115926,0.07393343756980121
WK045307,2341,GM0453,0.09611277231952157,0.04228961982058949
WK045308,9710,GM0453,0.19629248197734295,0.1101956745623069
WK047301,4423,GM0473,0.31517069862084557,0.18607280126610898
WK047302,5955,GM0473,0.19009235936188076,0.10680100755667506
WK047303,525,GM0473,0.11047619047619048,0.049523809523809526
WK047911,7563,GM0479,0.208382916831945,0.13248710829036098
WK047912,1720,GM0479,0.13197674418604652,0.07965116279069767
WK047913,2588,GM0479,0.1580370942812983,0.10123647604327667
WK047914,3025,GM0479,0.21917355371900826,0.13355371900826446
WK047915,1431,GM0479,0.206848357791754,0.1090146750524109
WK047916,3708,GM0479,0.2494606256742179,0.15156418554476808
WK047921,2884,GM0479,0.20700416088765602,0.11685159500693482
WK047922,4508,GM0479,0.15705412599822538,0.08806566104702751
WK047923,6318,GM0479,0.20417853751187084,0.1144349477682811
WK047931,2793,GM0479,0.22126745435016112,0.12495524525599713
WK047932,3481,GM0479,0.19276070094800346,0.11117494972708991
WK047941,1837,GM0479,0.20522591181273817,0.12520413718018508
WK047942,1315,GM0479,0.19467680608365018,0.11330798479087452
WK047951,6040,GM0479,0.24370860927152319,0.1490066225165563
WK047961,5561,GM0479,0.22981478151411616,0.13001258766408919
WK047962,3894,GM0479,0.21905495634309194,0.1384180790960452
WK047971,4807,GM0479,0.25483669648429375,0.14811732889536094
WK047972,8018,GM0479,0.20079820404090795,0.11100024943876279
WK047981,2940,GM0479,0.21292517006802722,0.13129251700680272
WK048201,5306,GM0482,0.16283452695062195,0.09574067093856012
WK048202,2178,GM0482,0.2295684113865932,0.1179981634527089
WK048203,2617,GM0482,0.20863584256782575,0.119220481467329
WK048204,2061,GM0482,0.20912178554099953,0.1227559437166424
WK048401,4636,GM0484,0.1915444348576359,0.10159620362381364
WK048402,8058,GM0484,0.1921072226358898,0.10436832961032515
WK048403,4571,GM0484,0.19273681907678844,0.09516517173485015
WK048404,2198,GM0484,0.25250227479526843,0.1392174704276615
WK048405,6026,GM0484,0.19913707268503153,0.10653833388649186
WK048406,4662,GM0484,0.18554268554268555,0.09244959244959244
WK048408,10281,GM0484,0.13597899037058653,0.0676004279739325
WK048431,2139,GM0484,0.16830294530154277,0.09583917718560075
WK048445,812,GM0484,0.1921182266009852,0.08620689655172414
WK048470,9275,GM0484,0.18943396226415093,0.09919137466307278
WK048471,1132,GM0484,0.18639575971731448,0.10335689045936396
WK048491,3608,GM0484,0.17738359201773837,0.09451219512195122
WK048494,2891,GM0484,0.21238325838810101,0.12971290210999653
WK048496,2596,GM0484,0.20570107858243453,0.11710323574730354
WK048901,1348,GM0489,0.19881305637982197,0.09866468842729971
WK048902,4648,GM0489,0.18674698795180722,0.11252151462994836
WK048904,3830,GM0489,0.1814621409921671,0.09556135770234987
WK048907,702,GM0489,0.18945868945868946,0.10113960113960115
WK048908,1472,GM0489,0.22078804347826086,0.11413043478260869
WK048909,2135,GM0489,0.2459016393442623,0.13161592505854802
WK048911,1408,GM0489,0.20525568181818182,0.10085227272727272
WK048912,854,GM0489,0.2693208430913349,0.14285714285714285
WK048913,2210,GM0489,0.2420814479638009,0.1420814479638009
WK048915,3369,GM0489,0.25408132977144554,0.13564856040368062
WK048918,975,GM0489,0.21333333333333335,0.10871794871794872
WK048920,1091,GM0489,0.20439963336388633,0.10815765352887259
WK048930,1187,GM0489,0.2569502948609941,0.14490311710193765
WK048931,2157,GM0489,0.22438572090866946,0.12007417709782105
WK049800,6057,GM0498,0.18391943206207695,0.09295030543173188
WK049801,1056,GM0498,0.23295454545454544,0.11647727272727272
WK049802,978,GM0498,0.2361963190184049,0.13190184049079753
WK049803,2217,GM0498,0.25124041497519173,0.11411817771763645
WK049804,828,GM0498,0.18719806763285024,0.08454106280193237
WK049805,523,GM0498,0.1491395793499044,0.06309751434034416
WK049806,1058,GM0498,0.23156899810964082,0.12476370510396975
WK050201,5377,GM0502,0.20587688302027152,0.10210154361167938
WK050202,2787,GM0502,0.2375313957660567,0.10369573017581629
WK050203,9343,GM0502,0.1932997966391951,0.11398908273573799
WK050204,3001,GM0502,0.23658780406531157,0.10629790069976675
WK050205,3528,GM0502,0.24914965986394558,0.1284013605442177
WK050206,2828,GM0502,0.1867043847241867,0.09264497878359264
WK050207,6085,GM0502,0.26327033689400164,0.13492193919474116
WK050208,2180,GM0502,0.26055045871559634,0.13990825688073394
WK050209,1736,GM0502,0.14400921658986174,0.07258064516129033
WK050311,16628,GM0503,0.08191003127255232,0.04023334135193649
WK050312,3211,GM0503,0.21644347555278728,0.13983182809093742
WK050313,3212,GM0503,0.13729763387297633,0.08063511830635119
WK050314,5336,GM0503,0.15873313343328335,0.08601949025487256
WK050322,5262,GM0503,0.2025845686050931,0.12561763587989358
WK050323,2440,GM0503,0.2372950819672131,0.14672131147540984
WK050324,5563,GM0503,0.1538738090958116,0.0920366708610462
WK050325,3280,GM0503,0.18292682926829268,0.10975609756097561
WK050327,666,GM0503,0.10810810810810811,0.06756756756756757
WK050328,6794,GM0503,0.12849573152781865,0.07035619664409773
WK050501,13417,GM0505,0.13490348065886562,0.08183647611239472
WK050502,3653,GM0505,0.15439364905557076,0.08486175745962223
WK050503,2147,GM0505,0.24592454587796925,0.1471821145784816
WK050504,1837,GM0505,0.20577027762656505,0.12955906369080022
WK050505,6080,GM0505,0.15296052631578946,0.08601973684210526
WK050506,1416,GM0505,0.2775423728813559,0.16454802259887005
WK050507,2433,GM0505,0.31237155774763664,0.21619399917796958
WK050508,3426,GM0505,0.21395213076474023,0.12697022767075306
WK050509,9575,GM0505,0.22255874673629242,0.12825065274151437
WK050510,9124,GM0505,0.17580008768084174,0.10094256904866286
WK050511,10569,GM0505,0.21714447913709906,0.12858359352824297
WK050519,494,GM0505,0.22064777327935223,0.13765182186234817
WK051201,2642,GM0512,0.17146101438304315,0.07910673732021196
WK051202,1641,GM0512,0.16270566727605118,0.07982937233394272
WK051203,1530,GM0512,0.2725490196078431,0.15163398692810456
WK051204,2520,GM0512,0.18928571428571428,0.11865079365079365
WK051205,1051,GM0512,0.18553758325404376,0.1027592768791627
WK051206,1806,GM0512,0.21483942414174972,0.12458471760797342
WK051207,3768,GM0512,0.13853503184713375,0.08837579617834394
WK051211,5170,GM0512,0.18936170212765957,0.10676982591876209
WK051301,5170,GM0513,0.13384912959381046,0.0655705996131528
WK051302,4199,GM0513,0.26625386996904027,0.15503691355084545
WK051303,6805,GM0513,0.1462160176340926,0.07523879500367377
WK051304,6776,GM0513,0.16189492325855961,0.08899055489964582
WK051305,4584,GM0513,0.1518324607329843,0.07984293193717278
WK051306,5541,GM0513,0.12326294892618661,0.07074535282439993
WK051307,10129,GM0513,0.14512785072563925,0.09764043834534505
WK051309,1086,GM0513,0.19521178637200737,0.09944751381215469
WK051802,3418,GM0518,0.1805149210064365,0.10825043885313049
WK051803,534,GM0518,0.0898876404494382,0.04119850187265917
WK051804,6991,GM0518,0.07638392218566728,0.03833500214561579
WK051805,1623,GM0518,0.0973505853357979,0.04374614910659273
WK051806,2067,GM0518,0.07740686985970005,0.0420899854862119
WK051807,8812,GM0518,0.23899228325011349,0.1623921924648207
WK051808,1591,GM0518,0.5279698302954117,0.41923318667504716
WK051809,7250,GM0518,0.2206896551724138,0.14855172413793102
WK051810,88798,GM0518,0.12003648730827271,0.07733282281132457
WK051811,3479,GM0518,0.08536935901121012,0.0419660822075309
WK051812,7866,GM0518,0.12344266463259598,0.06547165013984237
WK051813,3562,GM0518,0.10976979225154408,0.054183043234138126
WK051814,4298,GM0518,0.15169846440204746,0.08422522103303862
WK051815,897,GM0518,0.1850613154960981,0.12263099219620958
WK051816,2472,GM0518,0.1848705501618123,0.10679611650485436
WK051817,9371,GM0518,0.28524170312666736,0.19229537936186106
WK051818,7281,GM0518,0.2392528498832578,0.15245158632056036
WK051819,4917,GM0518,0.14968476713443157,0.08684157006304657
WK051820,4786,GM0518,0.17175094024237358,0.10279983284580026
WK051821,8170,GM0518,0.09388004895960832,0.04871481028151775
WK051822,4356,GM0518,0.12327823691460055,0.0645087235996327
WK051823,2592,GM0518,0.09799382716049383,0.046296296296296294
WK051824,399,GM0518,0.05513784461152882,0.02756892230576441
WK051825,7069,GM0518,0.1807893620031122,0.10892629792049795
WK051826,7507,GM0518,0.12441721060343679,0.0670041294791528
WK051827,5601,GM0518,0.10676664881271201,0.06088198535975719
WK051828,16229,GM0518,0.10986505638055333,0.06026249306796475
WK051829,8551,GM0518,0.08817682142439481,0.06502163489650334
WK051830,6884,GM0518,0.10415456130156886,0.07553747821034282
WK051831,4235,GM0518,0.263754427390791,0.1846517119244392
WK051832,7564,GM0518,0.270888418826018,0.18046007403490216
WK051833,7629,GM0518,0.17800498099357714,0.12229650019661817
WK051834,6900,GM0518,0.20434782608695654,0.1481159420289855
WK051835,1096,GM0518,0.15237226277372262,0.1031021897810219
WK051836,4569,GM0518,0.19369665134602757,0.13591595535128037
WK051837,709,GM0518,0.12693935119887165,0.09590973201692525
WK051838,11179,GM0518,0.21397262724751767,0.14992396457643797
WK051839,1267,GM0518,0.11996842936069456,0.056827150749802685
WK051840,11148,GM0518,0.2271259418729817,0.13823107283817726
WK051841,658,GM0518,0.24316109422492402,0.1656534954407295
WK051842,13598,GM0518,0.21981173702015003,0.13847624650683923
WK051843,345,GM0518,0.1855072463768116,0.11304347826086956
WK051844,7549,GM0518,0.2010862365876275,0.12822890449066102
WK052301,4944,GM0523,0.15230582524271843,0.08353559870550162
WK052302,1265,GM0523,0.1826086956521739,0.08616600790513834
WK052303,2335,GM0523,0.21627408993576017,0.12419700214132762
WK052304,1846,GM0523,0.13271939328277357,0.06608884073672806
WK053101,10759,GM0531,0.18486848220094804,0.10084580351333768
WK053102,2330,GM0531,0.2278969957081545,0.12317596566523605
WK053103,6130,GM0531,0.1967373572593801,0.10130505709624796
WK053202,8114,GM0532,0.19792950456001973,0.10709884150850382
WK053203,5022,GM0532,0.2897252090800478,0.16188769414575865
WK053701,7648,GM0537,0.28648012552301255,0.16331066945606695
WK053703,5927,GM0537,0.26657668297621057,0.1474607727349418
WK053705,9454,GM0537,0.2347154643537127,0.12460334250052887
WK053707,9754,GM0537,0.2238056182079147,0.11400451096985852
WK053708,3656,GM0537,0.19283369803063458,0.09190371991247265
WK054200,18573,GM0542,0.1993754374629839,0.10746782964518387
WK054600,7337,GM0546,0.052610058607060105,0.017445822543273818
WK054601,10227,GM0546,0.08174440207294417,0.04194778527427398
WK054602,3366,GM0546,0.09180035650623886,0.0427807486631016
WK054603,5678,GM0546,0.20464952448045087,0.13878126100739696
WK054604,13308,GM0546,0.09212503757138563,0.048316801923654944
WK054605,8891,GM0546,0.1651107861882803,0.10088853897199415
WK054606,4719,GM0546,0.17122271667726213,0.10764992583174401
WK054607,3305,GM0546,0.07231467473524962,0.03328290468986384
WK054608,7262,GM0546,0.13811622142660424,0.08152024235747728
WK054609,6098,GM0546,0.25008199409642506,0.162840275500164
WK055602,1830,GM0556,0.2355191256830601,0.12240437158469945
WK055603,4982,GM0556,0.2213970293054998,0.11822561220393417
WK055604,7244,GM0556,0.1853948094975152,0.11651021535063501
WK055605,2021,GM0556,0.20435428005937656,0.11429985155863434
WK055606,3564,GM0556,0.22867564534231202,0.12373737373737374
WK056900,7395,GM0569,0.19553752535496957,0.09939148073022312
WK056901,4563,GM0569,0.1740083278544817,0.1071663379355687
WK056902,1369,GM0569,0.2512783053323594,0.12783053323593865
WK056903,4967,GM0569,0.2073686329776525,0.10408697402858869
WK057500,4407,GM0575,0.213070115724983,0.11368277739959155
WK057501,9805,GM0575,0.2074451810300867,0.11534931157572667
WK057502,894,GM0575,0.22483221476510068,0.12863534675615212
WK057503,6976,GM0575,0.22219036697247707,0.12327981651376146
WK057504,988,GM0575,0.27125506072874495,0.14676113360323886
WK057505,1540,GM0575,0.2292207792207792,0.13506493506493505
WK057901,1966,GM0579,0.08290946083418108,0.03814852492370295
WK057902,6559,GM0579,0.09864308583625553,0.0521420948315292
WK057903,3002,GM0579,0.08960692871419054,0.039640239840106596
WK057904,2563,GM0579,0.14124073351541164,0.07647288333983612
WK057905,1572,GM0579,0.1743002544529262,0.08524173027989822
WK058901,430,GM0589,0.16046511627906976,0.07674418604651163
WK058902,6309,GM0589,0.16246631795847202,0.08701854493580599
WK059001,8160,GM0590,0.18590686274509804,0.1133578431372549
WK059002,1708,GM0590,0.19496487119437939,0.08899297423887588
WK059003,2031,GM0590,0.2653865091088134,0.1482028557360906
WK059004,1180,GM0590,0.211864406779661,0.13050847457627118
WK059005,2946,GM0590,0.20196877121520707,0.11846571622539036
WK059006,796,GM0590,0.20854271356783918,0.10301507537688442
WK059008,1788,GM0590,0.1912751677852349,0.10570469798657718
WK059701,8875,GM0597,0.19819718309859155,0.12405633802816901
WK059702,1523,GM0597,0.2350623768877216,0.13854235062376888
WK059703,1804,GM0597,0.26274944567627495,0.14634146341463414
WK059704,4890,GM0597,0.24171779141104294,0.13517382413087933
WK059706,4820,GM0597,0.262448132780083,0.14522821576763487
WK059707,3722,GM0597,0.3108543793659323,0.17275658248253628
WK059708,1762,GM0597,0.2224744608399546,0.12485811577752554
WK059709,390,GM0597,0.22564102564102564,0.11282051282051282
WK059710,544,GM0597,0.31985294117647056,0.16176470588235295
WK059901,23140,GM0599,0.1132238547968885,0.04961106309420916
WK059903,30523,GM0599,0.08066048553549782,0.041182059430593325
WK059904,9617,GM0599,0.21950712280336904,0.13101798897785172
WK059905,26495,GM0599,0.08956406869220608,0.042838271371956976
WK059906,21578,GM0599,0.14904068959125036,0.07350078783946612
WK059908,26023,GM0599,0.11543634477193253,0.05779502747569458
WK059910,27356,GM0599,0.1605863430326071,0.0948238046498026
WK059912,23157,GM0599,0.26834218594809345,0.15619467115774927
WK059913,2383,GM0599,0.3780948384389425,0.19848929920268568
WK059914,44303,GM0599,0.2380651423154188,0.12608626955285196
WK059915,48790,GM0599,0.1995285919245747,0.13185078909612624
WK059916,13938,GM0599,0.3254412397761515,0.18926675276223273
WK059917,5528,GM0599,0.309876989869754,0.1644356005788712
WK059921,285,GM0599,0.1824561403508772,0.10877192982456141
WK059927,5931,GM0599,0.33805429101331985,0.19878603945371776
WK060301,2271,GM0603,0.11624834874504623,0.0603258476442096
WK060302,4538,GM0603,0.2256500661084178,0.14235345967386515
WK060304,2388,GM0603,0.24874371859296482,0.15117252931323283
WK060306,3303,GM0603,0.23826824099303665,0.14471692400847713
WK060307,1347,GM0603,0.29175946547884185,0.18040089086859687
WK060308,3249,GM0603,0.24315173899661435,0.15081563558017852
WK060309,3527,GM0603,0.2475191380776864,0.15877516302806918
WK060310,2388,GM0603,0.14112227805695143,0.0678391959798995
WK060311,876,GM0603,0.16095890410958905,0.09931506849315068
WK061001,3355,GM0610,0.1961251862891207,0.10014903129657228
WK061002,7524,GM0610,0.15922381711855396,0.08851674641148326
WK061003,4321,GM0610,0.22587364036102753,0.12682249479287203
WK061301,2919,GM0613,0.2069201781431997,0.11956149366221308
WK061302,1507,GM0613,0.28732581287325815,0.1453218314532183
WK061303,3995,GM0613,0.2458072590738423,0.13191489361702127
WK061304,3504,GM0613,0.2237442922374429,0.1113013698630137
WK061306,3834,GM0613,0.23995826812728221,0.12754303599374023
WK062201,11856,GM0622,0.21879217273954116,0.13883265856950067
WK062202,4518,GM0622,0.2594068171757415,0.15869853917662682
WK062203,482,GM0622,0.3153526970954357,0.21991701244813278
WK062204,3509,GM0622,0.213451125676831,0.11114277571957823
WK062205,5497,GM0622,0.1779152264871748,0.10824085865017283
WK062206,4619,GM0622,0.24312621779605975,0.144620047629357
WK062207,3354,GM0622,0.23017292784734644,0.11657722122838401
WK062600,16241,GM0626,0.14284834677667632,0.07912074379656425
WK062701,4253,GM0627,0.17869739007759228,0.09757818010815894
WK062702,4937,GM0627,0.18796840186347985,0.08588211464452096
WK062703,2050,GM0627,0.18682926829268293,0.11317073170731708
WK062704,7542,GM0627,0.17992574913815965,0.10037125430920181
WK062900,2411,GM0629,0.1368726669431771,0.07465781833264205
WK062901,10521,GM0629,0.19503849443969204,0.11158635110730919
WK063201,10503,GM0632,0.13767495001428162,0.0768351899457298
WK063202,5418,GM0632,0.1566998892580288,0.0873015873015873
WK063203,9687,GM0632,0.11654795086197997,0.0647259213378755
WK063206,4847,GM0632,0.15721064576026408,0.08912729523416546
WK063207,2173,GM0632,0.1514035895075932,0.07685227795674184
WK063208,1397,GM0632,0.18468146027201146,0.10379384395132427
WK063700,14874,GM0637,0.181726502622025,0.11920129084308188
WK063701,5213,GM0637,0.2528294647995396,0.15135238826011893
WK063702,8512,GM0637,0.21604793233082706,0.12100563909774437
WK063703,7508,GM0637,0.2473361747469366,0.14251465103889185
WK063704,4571,GM0637,0.2198643622839641,0.13060599431196673
WK063705,12445,GM0637,0.2179188429087987,0.12503013258336682
WK063706,5775,GM0637,0.21645021645021645,0.12103896103896104
WK063708,1002,GM0637,0.18263473053892215,0.1027944111776447
WK063800,3598,GM0638,0.1548082267926626,0.08615897720956087
WK063803,324,GM0638,0.12962962962962962,0.05246913580246913
WK063810,1963,GM0638,0.19969434538970962,0.130412633723892
WK065401,329,GM0654,0.23404255319148937,0.1398176291793313
WK065402,756,GM0654,0.17195767195767195,0.08862433862433862
WK065403,332,GM0654,0.22289156626506024,0.10843373493975904
WK065404,228,GM0654,0.23684210526315788,0.13157894736842105
WK065405,4657,GM0654,0.16040369336482715,0.09083100708610693
WK065406,425,GM0654,0.23058823529411765,0.09411764705882353
WK065407,591,GM0654,0.17258883248730963,0.08967851099830795
WK065408,961,GM0654,0.2351716961498439,0.13943808532778357
WK065409,687,GM0654,0.22125181950509462,0.13682678311499272
WK065410,412,GM0654,0.13349514563106796,0.06310679611650485
WK065411,399,GM0654,0.23308270676691728,0.11278195488721804
WK065412,682,GM0654,0.22727272727272727,0.12023460410557185
WK065413,2740,GM0654,0.12846715328467154,0.06277372262773723
WK065414,312,GM0654,0.11217948717948718,0.05128205128205128
WK065415,1039,GM0654,0.24254090471607315,0.16073147256977863
WK066401,18152,GM0664,0.1622961657117673,0.08781401498457471
WK066402,823,GM0664,0.1652490886998785,0.0692588092345079
WK066403,1454,GM0664,0.156121045392022,0.07290233837689133
WK066404,334,GM0664,0.16766467065868262,0.0718562874251497
WK066405,891,GM0664,0.1840628507295174,0.10549943883277217
WK066407,724,GM0664,0.16988950276243095,0.08011049723756906
WK066408,1150,GM0664,0.1956521739130435,0.09043478260869565
WK066801,971,GM0668,0.2121524201853759,0.13697219361483007
WK066802,360,GM0668,0.20277777777777778,0.12222222222222222
WK066803,508,GM0668,0.2047244094488189,0.1279527559055118
WK066804,5640,GM0668,0.19840425531914893,0.1324468085106383
WK066805,1210,GM0668,0.1793388429752066,0.11652892561983472
WK066806,2031,GM0668,0.24224519940915806,0.1634662727720335
WK066807,765,GM0668,0.19738562091503267,0.11372549019607843
WK066808,1396,GM0668,0.2148997134670487,0.1511461318051576
WK067701,7398,GM0677,0.20018924033522573,0.12260070289267369
WK067702,1533,GM0677,0.2922374429223744,0.16177429876060012
WK067703,899,GM0677,0.29699666295884314,0.21134593993325917
WK067704,445,GM0677,0.21348314606741572,0.10337078651685393
WK067705,580,GM0677,0.27241379310344827,0.1724137931034483
WK067706,264,GM0677,0.26515151515151514,0.19696969696969696
WK067708,1636,GM0677,0.2273838630806846,0.1271393643031785
WK067709,464,GM0677,0.21120689655172414,0.12931034482758622
WK067710,284,GM0677,0.2007042253521127,0.13732394366197184
WK067711,934,GM0677,0.25481798715203424,0.15845824411134904
WK067712,357,GM0677,0.22128851540616246,0.17086834733893558
WK067713,243,GM0677,0.17695473251028807,0.1440329218106996
WK067800,5610,GM0678,0.14046345811051694,0.0679144385026738
WK067801,1622,GM0678,0.218249075215783,0.12453760789149199
WK067802,311,GM0678,0.21864951768488747,0.09646302250803858
WK068700,626,GM0687,0.1869009584664537,0.09744408945686901
WK068712,1920,GM0687,0.13072916666666667,0.0625
WK068714,681,GM0687,0.11600587371512482,0.04552129221732746
WK068720,1920,GM0687,0.15260416666666668,0.0671875
WK068730,3320,GM0687,0.18072289156626506,0.09427710843373494
WK068739,1312,GM0687,0.16615853658536586,0.07088414634146341
WK068740,817,GM0687,0.19461444308445533,0.1175030599755202
WK068750,1335,GM0687,0.20449438202247192,0.11610486891385768
WK068759,1219,GM0687,0.19196062346185397,0.0951599671862182
WK070300,3646,GM0703,0.22078990674712012,0.13027975863960506
WK070301,3826,GM0703,0.13852587558808155,0.08468374281233665
WK070302,2223,GM0703,0.12685560053981107,0.06747638326585695
WK070303,839,GM0703,0.11799761620977355,0.06197854588796186
WK070304,1414,GM0703,0.23125884016973125,0.12446958981612447
WK070305,759,GM0703,0.3451910408432148,0.23847167325428195
WK070306,376,GM0703,0.05585106382978723,0.015957446808510637
WK071501,3621,GM0715,0.288041977354322,0.16017674675504004
WK071503,759,GM0715,0.22397891963109354,0.11989459815546773
WK071505,1492,GM0715,0.24731903485254692,0.1380697050938338
WK071507,942,GM0715,0.2632696390658174,0.1454352441613588
WK071509,326,GM0715,0.18404907975460122,0.11042944785276074
WK071511,1074,GM0715,0.30074487895716945,0.1824953445065177
WK071513,1243,GM0715,0.2928399034593725,0.21238938053097345
WK071515,917,GM0715,0.4122137404580153,0.2606324972737186
WK071520,6529,GM0715,0.17215500076581405,0.12207076121917598
WK071521,4674,GM0715,0.23384681215233205,0.13329054343175012
WK071523,4825,GM0715,0.2605181347150259,0.15150259067357513
WK071525,720,GM0715,0.2611111111111111,0.18611111111111112
WK071527,1495,GM0715,0.19732441471571907,0.12173913043478261
WK071529,532,GM0715,0.20488721804511278,0.13345864661654136
WK071600,6349,GM0716,0.17246810521341943,0.10852102693337533
WK071601,847,GM0716,0.24203069657615112,0.16765053128689492
WK071602,951,GM0716,0.167192429022082,0.09989484752891693
WK071603,1777,GM0716,0.26955543050084413,0.16882386043894204
WK071604,864,GM0716,0.17939814814814814,0.11458333333333333
WK071605,2043,GM0716,0.21292217327459617,0.12677435144395496
WK071606,1400,GM0716,0.2807142857142857,0.17142857142857143
WK071607,1522,GM0716,0.2542706964520368,0.13797634691195795
WK071700,905,GM0717,0.1281767955801105,0.05966850828729282
WK071701,347,GM0717,0.12968299711815562,0.069164265129683
WK071702,634,GM0717,0.1529968454258675,0.07413249211356467
WK071703,1044,GM0717,0.14655172413793102,0.07854406130268199
WK071704,2916,GM0717,0.08436213991769548,0.045953360768175584
WK071705,1692,GM0717,0.09278959810874704,0.04609929078014184
WK071706,860,GM0717,0.05813953488372093,0.026744186046511628
WK071707,841,GM0717,0.12960760998810938,0.05826397146254459
WK071708,804,GM0717,0.09577114427860696,0.0472636815920398
WK071709,2159,GM0717,0.16767021769337656,0.08522464103751737
WK071710,537,GM0717,0.12104283054003724,0.055865921787709494
WK071711,996,GM0717,0.22188755020080322,0.0963855421686747
WK071712,1537,GM0717,0.16851008458035133,0.09108653220559532
WK071801,7866,GM0718,0.18904144419018562,0.11492499364352911
WK071802,3456,GM0718,0.2439236111111111,0.1322337962962963
WK071803,3290,GM0718,0.19027355623100303,0.09817629179331307
WK071804,4763,GM0718,0.23682553012807053,0.12366155784169641
WK071805,4626,GM0718,0.24600086467790747,0.12040639861651535
WK071806,344,GM0718,0.2238372093023256,0.10755813953488372
WK073601,12311,GM0736,0.18714970351717977,0.10900820404516286
WK073602,627,GM0736,0.22328548644338117,0.11483253588516747
WK073603,788,GM0736,0.2512690355329949,0.13071065989847716
WK073604,5369,GM0736,0.21568262246228348,0.12832929782082325
WK073606,4228,GM0736,0.2010406811731315,0.09768211920529801
WK073607,5176,GM0736,0.11456723338485317,0.0589258114374034
WK073608,923,GM0736,0.13542795232936078,0.07150595882990249
WK073700,8062,GM0737,0.16534358719920617,0.10220788886132473
WK073701,1629,GM0737,0.1841620626151013,0.08778391651319828
WK073702,1683,GM0737,0.20915032679738563,0.10279263220439691
WK073703,489,GM0737,0.2065439672801636,0.11247443762781185
WK073704,1287,GM0737,0.19658119658119658,0.07148407148407149
WK073705,1385,GM0737,0.20505415162454874,0.09891696750902527
WK073706,757,GM0737,0.34081902245706736,0.18361955085865259
WK073707,1451,GM0737,0.23225361819434873,0.1268090971743625
WK073708,1181,GM0737,0.31329381879762913,0.1955969517358171
WK073709,2987,GM0737,0.20421827920990962,0.10110478741211919
WK074303,1186,GM0743,0.20236087689713322,0.11467116357504216
WK074304,1457,GM0743,0.21413864104323954,0.13589567604667124
WK074305,2920,GM0743,0.16746575342465753,0.10684931506849316
WK074306,3122,GM0743,0.15374759769378604,0.09673286354900705
WK074308,1483,GM0743,0.17262306136210384,0.09372892784895483
WK074310,632,GM0743,0.2626582278481013,0.15664556962025317
WK074401,2720,GM0744,0.23602941176470588,0.1488970588235294
WK074402,601,GM0744,0.24792013311148087,0.14143094841930118
WK074403,97,GM0744,0.14432989690721648,0.07216494845360824
WK074800,10266,GM0748,0.164913306058835,0.11581920903954802
WK074801,5371,GM0748,0.20126605846211135,0.12139266430832248
WK074802,8080,GM0748,0.2167079207920792,0.13762376237623763
WK074803,6764,GM0748,0.2301892371377883,0.14488468361916026
WK074804,6838,GM0748,0.23588768645802866,0.14521789997075168
WK074805,996,GM0748,0.32028112449799195,0.20783132530120482
WK075300,18549,GM0753,0.17936276888241953,0.11294409402124103
WK075500,5783,GM0755,0.18606259726785407,0.11516513920110669
WK075501,999,GM0755,0.1921921921921922,0.11011011011011011
WK075700,14722,GM0757,0.16533079744599918,0.10494498030158946
WK075701,719,GM0757,0.15577190542420027,0.10570236439499305
WK075702,2777,GM0757,0.14692113791861722,0.09326611451206337
WK075730,1434,GM0757,0.17224546722454673,0.1192468619246862
WK075800,20398,GM0758,0.11118737131091283,0.07402686537895872
WK075801,11949,GM0758,0.19039250146455772,0.10854464808770609
WK075802,12936,GM0758,0.12670068027210885,0.06261595547309833
WK075803,10557,GM0758,0.10429099175902246,0.05058255186132424
WK075804,5498,GM0758,0.09130592942888323,0.038559476173153875
WK075805,17018,GM0758,0.21206957339287813,0.12104830179809613
WK075806,13081,GM0758,0.22138980200290498,0.13026527023927834
WK075807,4633,GM0758,0.12173537664580186,0.06777466004748543
WK075808,2881,GM0758,0.1176674765706352,0.0614370010413051
WK075809,6922,GM0758,0.16266974862756428,0.0915920254261774
WK075810,4607,GM0758,0.13631430431951377,0.07814195789016713
WK076200,15676,GM0762,0.19131155907119163,0.1210768053074764
WK076201,879,GM0762,0.149032992036405,0.08191126279863481
WK076202,1826,GM0762,0.22070098576122674,0.13198247535596933
WK076203,1060,GM0762,0.22641509433962265,0.14339622641509434
WK076204,525,GM0762,0.18666666666666668,0.09904761904761905
WK076500,4569,GM0765,0.32917487415189317,0.24119063252352813
WK076501,2386,GM0765,0.2875104777870914,0.19572506286672256
WK076601,10474,GM0766,0.19467252243650945,0.12573992743937368
WK076602,1284,GM0766,0.20171339563862928,0.13473520249221183
WK077000,7380,GM0770,0.1383468834688347,0.08550135501355013
WK077001,957,GM0770,0.1724137931034483,0.11285266457680251
WK077002,912,GM0770,0.1699561403508772,0.10964912280701754
WK077003,1379,GM0770,0.1602610587382161,0.10297316896301668
WK077004,1186,GM0770,0.12900505902192244,0.07419898819561552
WK077005,846,GM0770,0.13711583924349882,0.08274231678486997
WK077900,8155,GM0779,0.23862660944206007,0.15511955855303494
WK077901,1299,GM0779,0.2432640492686682,0.14318706697459585
WK077902,3746,GM0779,0.2597437266417512,0.16978109983982914
WK078401,10796,GM0784,0.19377547239718415,0.12161911819192293
WK078402,4269,GM0784,0.1913797142187866,0.11009604122745374
WK078403,299,GM0784,0.18394648829431437,0.07357859531772576
WK078404,686,GM0784,0.23760932944606414,0.13702623906705538
WK078501,4387,GM0785,0.19033508092090268,0.11488488716662867
WK078502,3504,GM0785,0.12385844748858447,0.08190639269406393
WK078503,1367,GM0785,0.1733723482077542,0.11119239209948793
WK078508,924,GM0785,0.1634199134199134,0.07251082251082251
WK078509,2021,GM0785,0.16872835230084116,0.10192973775358734
WK078512,1059,GM0785,0.18602455146364494,0.10292728989612843
WK078520,1757,GM0785,0.18099032441661925,0.11838360842344905
WK079410,8230,GM0794,0.2533414337788578,0.1522478736330498
WK079411,2144,GM0794,0.3829291044776119,0.25886194029850745
WK079412,5071,GM0794,0.36205876552948135,0.24926050088739893
WK079413,5536,GM0794,0.28125,0.18316473988439305
WK079414,9044,GM0794,0.21583370190181336,0.15524104378593542
WK079415,2056,GM0794,0.3142023346303502,0.23784046692607003
WK079417,3231,GM0794,0.17734447539461468,0.09904054472299598
WK079418,3378,GM0794,0.317643576080521,0.20100651272942568
WK079419,3275,GM0794,0.17709923664122137,0.10809160305343511
WK079421,5863,GM0794,0.1642503837625789,0.08579225652396384
WK079601,12032,GM0796,0.0959940159574468,0.04803856382978723
WK079602,7301,GM0796,0.24859608272839337,0.17518148198876865
WK079603,4981,GM0796,0.21622164224051396,0.14735996787793615
WK079604,3278,GM0796,0.10341671751067724,0.05735204392922514
WK079605,5821,GM0796,0.12369008761381206,0.06510908778560384
WK079606,6153,GM0796,0.18169998374776533,0.11474077685681781
WK079607,5831,GM0796,0.15863488252443836,0.08369061910478477
WK079608,3425,GM0796,0.19532846715328467,0.1162043795620438
WK079609,8914,GM0796,0.26060130132376036,0.1790442001346197
WK079610,19379,GM0796,0.16652046029206874,0.11347334743794829
WK079611,9870,GM0796,0.2160081053698075,0.14224924012158055
WK079612,3273,GM0796,0.14421020470516346,0.08157653528872594
WK079613,2612,GM0796,0.21554364471669218,0.13169984686064318
WK079614,1311,GM0796,0.2372234935163997,0.16323417238749047
WK079701,10157,GM0797,0.17938367628236684,0.10347543566013587
WK079702,1039,GM0797,0.18575553416746873,0.12223291626564003
WK079703,1310,GM0797,0.22061068702290076,0.13816793893129772
WK079704,1600,GM0797,0.249375,0.151875
WK079705,8201,GM0797,0.23984879892696012,0.15644433605657845
WK079710,986,GM0797,0.18052738336713997,0.11764705882352941
WK079711,1173,GM0797,0.3537936913895993,0.2421142369991475
WK079800,5250,GM0798,0.13657142857142857,0.07504761904761904
WK079801,798,GM0798,0.12531328320802004,0.07017543859649122
WK079802,618,GM0798,0.15210355987055016,0.09223300970873786
WK079803,2004,GM0798,0.14271457085828343,0.09431137724550898
WK079804,726,GM0798,0.15289256198347106,0.08677685950413223
WK080910,7767,GM0809,0.23561220548474315,0.1662160422299472
WK080920,2989,GM0809,0.2305118768819003,0.1488792238206758
WK080930,3332,GM0809,0.1602641056422569,0.1017406962785114
WK080940,392,GM0809,0.17091836734693877,0.09693877551020408
WK082300,7715,GM0823,0.16720674011665587,0.1100453661697991
WK082301,1321,GM0823,0.1642694928084784,0.09386828160484481
WK082302,2449,GM0823,0.16333197223356472,0.1073907717435688
WK082303,997,GM0823,0.19859578736208625,0.13039117352056168
WK082402,3219,GM0824,0.19353836595215906,0.10593351972662317
WK082407,3717,GM0824,0.15173527037933818,0.08824320688727469
WK082408,1434,GM0824,0.21687587168758718,0.1304044630404463
WK082409,1074,GM0824,0.1042830540037244,0.055865921787709494
WK082411,1735,GM0824,0.18904899135446687,0.11412103746397695
WK082413,4135,GM0824,0.13422007255139057,0.08101571946795647
WK082420,3273,GM0824,0.12923923006416133,0.08554842652001222
WK082600,4037,GM0826,0.23135992073321773,0.13772603418379986
WK082601,7901,GM0826,0.1750411340336666,0.127452221237818
WK082602,2648,GM0826,0.20468277945619334,0.131797583081571
WK082605,4424,GM0826,0.23010849909584086,0.14760397830018082
WK082606,7118,GM0826,0.2163529081202585,0.13444787861758922
WK082607,3356,GM0826,0.18295589988081049,0.10697258641239571
WK082611,1088,GM0826,0.1801470588235294,0.09650735294117647
WK082612,786,GM0826,0.1450381679389313,0.08269720101781171
WK082613,1824,GM0826,0.1836622807017544,0.10471491228070176
WK082800,5806,GM0828,0.19462624870823286,0.1197037547364795
WK082801,2633,GM0828,0.31788834029624,0.21458412457273074
WK082802,1502,GM0828,0.18442077230359522,0.118508655126498
WK082803,980,GM0828,0.20714285714285716,0.10714285714285714
WK082804,5621,GM0828,0.2264721579790073,0.1492616972069027
WK082806,5131,GM0828,0.24712531670239718,0.15708438900799065
WK082807,5757,GM0828,0.2082681952405767,0.13948236928956054
WK082810,5865,GM0828,0.2670076726342711,0.17868712702472292
WK082811,490,GM0828,0.20408163265306123,0.12448979591836734
WK082812,468,GM0828,0.18376068376068377,0.11538461538461539
WK082813,1025,GM0828,0.15609756097560976,0.09170731707317073
WK082814,2194,GM0828,0.1463081130355515,0.09161349134001823
WK082815,1592,GM0828,0.23555276381909548,0.1564070351758794
WK082816,435,GM0828,0.15402298850574714,0.10344827586206896
WK082817,643,GM0828,0.13996889580093314,0.09020217729393468
WK082819,632,GM0828,0.2231012658227848,0.13765822784810128
WK082820,777,GM0828,0.2277992277992278,0.13513513513513514
WK082821,786,GM0828,0.23791348600508905,0.17302798982188294
WK082822,2862,GM0828,0.2564640111809923,0.1708595387840671
WK084000,5381,GM0840,0.3237316483924921,0.25571455119866193
WK084001,3406,GM0840,0.6162654139753376,0.4908984145625367
WK084002,2402,GM0840,0.37885095753538717,0.26436303080766027
WK084003,917,GM0840,0.247546346782988,0.15267175572519084
WK084004,1120,GM0840,0.32589285714285715,0.23482142857142857
WK084500,8400,GM0845,0.15464285714285714,0.10785714285714286
WK084501,1076,GM0845,0.20446096654275092,0.13197026022304834
WK084502,3637,GM0845,0.16359637063513885,0.10723123453395655
WK084503,4291,GM0845,0.16639477977161501,0.10067583313912841
WK084504,1467,GM0845,0.15950920245398773,0.1056578050443081
WK084700,8069,GM0847,0.1960589912008923,0.12826868261246746
WK084701,1376,GM0847,0.17078488372093023,0.10392441860465117
WK084702,1775,GM0847,0.25295774647887326,0.16788732394366196
WK084703,939,GM0847,0.18743343982960597,0.11714589989350373
WK085100,8583,GM0851,0.2573692182220669,0.16789001514621926
WK085101,1268,GM0851,0.2705047318611987,0.19558359621451105
WK085102,463,GM0851,0.3002159827213823,0.16414686825053995
WK085103,2946,GM0851,0.31093007467752887,0.19042769857433808
WK085104,1162,GM0851,0.2917383820998279,0.1944922547332186
WK085200,6951,GM0852,0.19795712847072364,0.11120702057257949
WK085201,232,GM0852,0.2413793103448276,0.09482758620689655
WK085202,1130,GM0852,0.1752212389380531,0.10530973451327434
WK085203,2034,GM0852,0.10816125860373647,0.05604719764011799
WK085204,1148,GM0852,0.1672473867595819,0.09059233449477352
WK085205,315,GM0852,0.16825396825396827,0.08888888888888889
WK085800,10566,GM0858,0.23234904410372895,0.15057732349044103
WK085801,5345,GM0858,0.2164639850327409,0.1343311506080449
WK085802,637,GM0858,0.17896389324960754,0.08634222919937205
WK086100,17089,GM0861,0.1968517759962549,0.126806717771666
WK086101,3627,GM0861,0.18362282878411912,0.10807830162668873
WK086102,2783,GM0861,0.15343154868846567,0.08659719726913402
WK086600,11204,GM0866,0.13539807211710103,0.08139950017850768
WK086700,17995,GM0867,0.2035565434843012,0.13181439288691302
WK086701,7297,GM0867,0.244895162395505,0.15568041660956558
WK086702,2206,GM0867,0.2456935630099728,0.1627379873073436
WK087300,7682,GM0873,0.2461598542046342,0.15790158812809163
WK087301,1135,GM0873,0.22466960352422907,0.12951541850220263
WK087302,2283,GM0873,0.28164695575996496,0.19010074463425317
WK087303,1135,GM0873,0.4052863436123348,0.26343612334801764
WK087900,6048,GM0879,0.19477513227513227,0.13707010582010581
WK087901,1317,GM0879,0.19286256643887623,0.0979498861047836
WK087902,1254,GM0879,0.2743221690590112,0.16905901116427433
WK087903,944,GM0879,0.21716101694915255,0.15889830508474576
WK087904,3767,GM0879,0.1927263074064242,0.10963631537032122
WK088000,8891,GM0880,0.16870993139129456,0.09965133280845799
WK088001,1298,GM0880,0.17411402157164868,0.09938366718027734
WK088002,607,GM0880,0.17957166392092258,0.12191103789126853
WK088200,7225,GM0882,0.3660899653979239,0.23986159169550172
WK088201,7206,GM0882,0.30530113794060504,0.21010269220094366
WK088202,5466,GM0882,0.39041346505671426,0.2614343212586901
WK088800,9440,GM0888,0.2423728813559322,0.1603813559322034
WK088801,1132,GM0888,0.26943462897526504,0.1855123674911661
WK088900,6679,GM0889,0.27219643659230425,0.19059739481958377
WK088901,1328,GM0889,0.1927710843373494,0.1280120481927711
WK089302,419,GM0893,0.24821002386634844,0.1575178997613365
WK089303,3316,GM0893,0.2662846803377563,0.1890832328106152
WK089304,1267,GM0893,0.2517758484609313,0.17521704814522493
WK089305,1091,GM0893,0.31072410632447295,0.21081576535288726
WK089306,1366,GM0893,0.2335285505124451,0.1603221083455344
WK089307,699,GM0893,0.24320457796852646,0.15879828326180256
WK089901,2616,GM0899,0.3275993883792049,0.1922782874617737
WK089902,2212,GM0899,0.37884267631103075,0.23824593128390598
WK089903,988,GM0899,0.48279352226720645,0.291497975708502
WK089904,2673,GM0899,0.37972315750093527,0.2555181444070333
WK089905,2315,GM0899,0.34773218142548595,0.19092872570194386
WK090700,1626,GM0907,0.17835178351783518,0.11746617466174662
WK090701,1457,GM0907,0.16266300617707619,0.09402882635552505
WK090702,513,GM0907,0.20662768031189083,0.13840155945419103
WK090703,5735,GM0907,0.19319965126416738,0.13339145597210114
WK090704,1070,GM0907,0.22429906542056074,0.11869158878504672
WK091710,767,GM0917,0.4067796610169492,0.2803129074315515
WK091711,1725,GM0917,0.37217391304347824,0.24057971014492754
WK091712,5462,GM0917,0.41633101428048336,0.27370926400585865
WK091713,1063,GM0917,0.44590780809031044,0.3104421448730009
WK091720,2139,GM0917,0.5109864422627396,0.3300607760635811
WK091721,3193,GM0917,0.42405261509552145,0.26558095834638273
WK091722,1328,GM0917,0.41792168674698793,0.2575301204819277
WK091724,719,GM0917,0.4673157162726008,0.32684283727399166
WK091730,1596,GM0917,0.35776942355889724,0.2362155388471178
WK091731,1949,GM0917,0.3391482811698307,0.2134427911749615
WK091732,2617,GM0917,0.37944210928544136,0.25066870462361485
WK091733,3631,GM0917,0.22528229137978517,0.11952630129440925
WK091734,808,GM0917,0.31064356435643564,0.2042079207920792
WK091736,1853,GM0917,0.16189962223421478,0.09282245008094982
WK091737,2001,GM0917,0.15342328835582209,0.07196401799100449
WK091738,2575,GM0917,0.1658252427184466,0.08932038834951456
WK091739,2253,GM0917,0.3417665335108744,0.20994229915667997
WK091740,2601,GM0917,0.29296424452133796,0.18185313341022682
WK091741,1597,GM0917,0.22229179711959926,0.12335629304946776
WK092800,7098,GM0928,0.4050436742744435,0.26711749788672867
WK092801,11717,GM0928,0.3441153878979261,0.2416147478023385
WK092802,5175,GM0928,0.38570048309178745,0.2570048309178744
WK093500,13051,GM0935,0.11217531223661022,0.06397977166500651
WK093501,3872,GM0935,0.08729338842975207,0.04777892561983471
WK093502,16112,GM0935,0.32683714001986097,0.23380089374379345
WK093503,772,GM0935,0.3160621761658031,0.24093264248704663
WK093504,13608,GM0935,0.25102880658436216,0.16990005878894768
WK093505,1401,GM0935,0.3497501784439686,0.23768736616702354
WK093506,9966,GM0935,0.24132048966486053,0.15873971503110576
WK093800,5525,GM0938,0.20923076923076922,0.14714932126696834
WK093801,1608,GM0938,0.26119402985074625,0.166044776119403
WK093802,4508,GM0938,0.21739130434782608,0.13842058562555457
WK094400,4875,GM0944,0.13456410256410256,0.08984615384615384
WK094401,666,GM0944,0.1816816816816817,0.11261261261261261
WK094601,5907,GM0946,0.20822752666328084,0.13272388691383105
WK094602,995,GM0946,0.23417085427135678,0.15879396984924624
WK094603,2340,GM0946,0.25085470085470085,0.15683760683760684
WK094604,944,GM0946,0.1896186440677966,0.13241525423728814
WK094605,614,GM0946,0.21172638436482086,0.13192182410423453
WK095700,5952,GM0957,0.19942876344086022,0.11374327956989247
WK095701,2186,GM0957,0.26623970722781337,0.19350411710887466
WK095702,2497,GM0957,0.3187825390468562,0.23788546255506607
WK095703,3500,GM0957,0.2671428571428571,0.17
WK095704,1972,GM0957,0.2712981744421907,0.19219066937119675
WK095705,1667,GM0957,0.34133173365326935,0.2549490101979604
WK095706,539,GM0957,0.31910946196660483,0.22077922077922077
WK095707,3642,GM0957,0.2116968698517298,0.11751784733662822
WK095708,3995,GM0957,0.31614518147684606,0.22202753441802253
WK095709,192,GM0957,0.21875,0.10416666666666667
WK096500,3862,GM0965,0.24883480062143967,0.17063697566027966
WK096501,2680,GM0965,0.3055970149253731,0.21044776119402986
WK097100,5936,GM0971,0.33827493261455527,0.2147911051212938
WK097101,5058,GM0971,0.2947805456702254,0.18643732700672203
WK097102,3142,GM0971,0.33831954169318906,0.2256524506683641
WK098100,1284,GM0981,0.23052959501557632,0.15498442367601245
WK098101,3079,GM0981,0.27021760311789544,0.18707372523546606
WK098311,2214,GM0983,0.2032520325203252,0.12195121951219512
WK098312,4469,GM0983,0.26359364511076305,0.18147236518236742
WK098313,4430,GM0983,0.17426636568848758,0.10699774266365689
WK098314,3439,GM0983,0.29805175923233496,0.2070369293399244
WK098315,2609,GM0983,0.2637025680337294,0.1697968570333461
WK098316,1308,GM0983,0.2423547400611621,0.14984709480122324
WK098321,2453,GM0983,0.34692213615980433,0.24256013045250713
WK098322,2359,GM0983,0.35057227638830013,0.24459516744383214
WK098323,1292,GM0983,0.33591331269349844,0.2453560371517028
WK098324,1549,GM0983,0.3524854744996772,0.2395093608779858
WK098325,1794,GM0983,0.411371237458194,0.29264214046822745
WK098326,1988,GM0983,0.21730382293762576,0.15090543259557343
WK098327,596,GM0983,0.23993288590604026,0.1761744966442953
WK098331,5743,GM0983,0.2718091589761449,0.18979627372453423
WK098332,2165,GM0983,0.3773672055427252,0.2558891454965358
WK098335,1274,GM0983,0.24489795918367346,0.16797488226059654
WK098341,2866,GM0983,0.22470341939986044,0.1531751570132589
WK098343,602,GM0983,0.24086378737541528,0.17109634551495018
WK098344,1532,GM0983,0.22845953002610966,0.1468668407310705
WK098351,2723,GM0983,0.2699228791773779,0.18582445831803157
WK098401,341,GM0984,0.1436950146627566,0.10557184750733138
WK098402,1300,GM0984,0.16230769230769232,0.09692307692307692
WK098403,638,GM0984,0.20376175548589343,0.13793103448275862
WK098404,152,GM0984,0.16447368421052633,0.09210526315789473
WK098405,127,GM0984,0.18110236220472442,0.13385826771653545
WK098406,1255,GM0984,0.17370517928286852,0.11155378486055777
WK098407,687,GM0984,0.19941775836972345,0.12954876273653565
WK098408,437,GM0984,0.2128146453089245,0.13043478260869565
WK098409,349,GM0984,0.22349570200573066,0.10315186246418338
WK098410,1304,GM0984,0.15567484662576686,0.09815950920245399
WK098411,6031,GM0984,0.15470071298292157,0.11457469739678329
WK098413,1310,GM0984,0.2511450381679389,0.15725190839694655
WK098415,2471,GM0984,0.18899231080534196,0.11938486442735735
WK098416,1980,GM0984,0.2727272727272727,0.1686868686868687
WK098417,3173,GM0984,0.2625275764260952,0.1670343523479357
WK098418,1157,GM0984,0.18582541054451165,0.12013828867761452
WK098420,1197,GM0984,0.15873015873015872,0.10275689223057644
WK098421,1004,GM0984,0.19820717131474103,0.13346613545816732
WK098422,266,GM0984,0.11654135338345864,0.06766917293233082
WK098423,591,GM0984,0.23519458544839256,0.15228426395939088
WK098601,4379,GM0986,0.20872345284311486,0.14226992464032884
WK098602,986,GM0986,0.2302231237322515,0.1359026369168357
WK098603,924,GM0986,0.2305194805194805,0.13744588744588745
WK098604,1264,GM0986,0.23655063291139242,0.1661392405063291
WK098605,852,GM0986,0.19483568075117372,0.13497652582159625
WK098801,3658,GM0988,0.23756150902132311,0.13832695462001093
WK098802,998,GM0988,0.19739478957915832,0.11222444889779559
WK098803,1515,GM0988,0.19735973597359735,0.11485148514851486
WK098811,495,GM0988,0.2383838383838384,0.10101010101010101
WK098812,2797,GM0988,0.24490525563103324,0.16124419020378977
WK098813,546,GM0988,0.27472527472527475,0.17765567765567766
WK098814,978,GM0988,0.28629856850715746,0.18098159509202455
WK098821,2576,GM0988,0.24728260869565216,0.16187888198757763
WK098822,1413,GM0988,0.25831564048124556,0.1521585279547063
WK098823,1061,GM0988,0.21960414703110273,0.13666352497643733
WK098824,2824,GM0988,0.29957507082152973,0.18519830028328613
WK098825,184,GM0988,0.16304347826086957,0.07608695652173914
WK098831,533,GM0988,0.21951219512195122,0.1294559099437148
WK098832,626,GM0988,0.20447284345047922,0.1389776357827476
WK098833,478,GM0988,0.24267782426778242,0.17782426778242677
WK098834,2557,GM0988,0.24481814626515447,0.15174032068830662
WK099400,4295,GM0994,0.2691501746216531,0.1769499417927823
WK099401,726,GM0994,0.24242424242424243,0.16115702479338842
WK099402,1045,GM0994,0.21722488038277513,0.1320574162679426
WK099403,767,GM0994,0.19556714471968709,0.13689700130378096
WK099404,4111,GM0994,0.19387010459742154,0.1374361469228898
WK099501,2973,GM0995,0.27682475613858054,0.16649848637739656
WK099502,3830,GM0995,0.2318537859007833,0.13446475195822455
WK099503,3299,GM0995,0.29524098211579264,0.15822976659593815
WK099504,5728,GM0995,0.23062150837988826,0.13285614525139663
WK099505,3617,GM0995,0.2864252142659663,0.16643627315454798
WK099506,6106,GM0995,0.2345234195872912,0.1364231903046184
WK099507,5904,GM0995,0.2627032520325203,0.14227642276422764
WK099508,1527,GM0995,0.31106745252128354,0.1807465618860511
WK099509,7328,GM0995,0.20346615720524017,0.14014737991266377
WK099511,1369,GM0995,0.21183345507669832,0.09203798392987582
WK150700,314,GM1507,0.20382165605095542,0.13694267515923567
WK150701,1123,GM1507,0.20035618878005343,0.1246660730186999
WK150702,976,GM1507,0.19364754098360656,0.1096311475409836
WK150703,1137,GM1507,0.1864555848724714,0.1090589270008795
WK150704,9782,GM1507,0.1693927622163157,0.11183806992435084
WK150705,1194,GM1507,0.22948073701842547,0.15494137353433834
WK150706,589,GM1507,0.21731748726655348,0.12393887945670629
WK150707,1092,GM1507,0.21611721611721613,0.13736263736263737
WK150708,2510,GM1507,0.19800796812749005,0.13027888446215138
WK150709,456,GM1507,0.20833333333333334,0.13596491228070176
WK150710,4105,GM1507,0.17978075517661388,0.11278928136419002
WK150711,880,GM1507,0.17727272727272728,0.10568181818181818
WK150713,994,GM1507,0.20321931589537223,0.12776659959758552
WK150714,633,GM1507,0.292259083728278,0.20537124802527645
WK150715,782,GM1507,0.2506393861892583,0.16112531969309463
WK158601,9781,GM1586,0.1501891422144975,0.08802780901748287
WK158602,864,GM1586,0.1527777777777778,0.08333333333333333
WK158603,1312,GM1586,0.14176829268292682,0.06478658536585366
WK158604,866,GM1586,0.1420323325635104,0.06581986143187067
WK158605,801,GM1586,0.1797752808988764,0.10486891385767791
WK158606,5695,GM1586,0.18015803336259878,0.09640035118525021
WK158607,541,GM1586,0.16266173752310537,0.09242144177449169
WK159801,3513,GM1598,0.16424708226586962,0.07970395673213777
WK159802,879,GM1598,0.20022753128555176,0.10238907849829351
WK159803,855,GM1598,0.22807017543859648,0.11929824561403508
WK159804,406,GM1598,0.15517241379310345,0.0960591133004926
WK159805,1314,GM1598,0.2100456621004566,0.10273972602739725
WK159806,1640,GM1598,0.22195121951219512,0.10914634146341463
WK159807,4740,GM1598,0.15274261603375527,0.09367088607594937
WK159808,971,GM1598,0.21318228630278063,0.09989701338825953
WK159809,411,GM1598,0.19951338199513383,0.11678832116788321
WK159810,396,GM1598,0.2222222222222222,0.12626262626262627
WK162111,3492,GM1621,0.19988545246277206,0.11626575028636885
WK162112,4455,GM1621,0.19753086419753085,0.1063973063973064
WK162114,5991,GM1621,0.1642463695543315,0.10165247871807712
WK162115,732,GM1621,0.19672131147540983,0.09562841530054644
WK162121,2852,GM1621,0.22124824684431976,0.11115007012622721
WK162122,3095,GM1621,0.22067851373182554,0.11243941841680129
WK162125,2831,GM1621,0.1610738255033557,0.08124337689862239
WK162126,2504,GM1621,0.16613418530351437,0.07587859424920128
WK162127,5738,GM1621,0.16521436040432205,0.08713837574067619
WK162131,5172,GM1621,0.1919953596287703,0.10305491105955143
WK162132,1565,GM1621,0.1891373801916933,0.10031948881789138
WK164000,3771,GM1640,0.22779103686024926,0.15035799522673032
WK164001,459,GM1640,0.19389978213507625,0.13725490196078433
WK164002,2210,GM1640,0.20904977375565612,0.1407239819004525
WK164003,1924,GM1640,0.23284823284823286,0.14345114345114346
WK164004,406,GM1640,0.2684729064039409,0.15763546798029557
WK164005,1992,GM1640,0.29819277108433734,0.2063253012048193
WK164006,515,GM1640,0.2815533980582524,0.22135922330097088
WK164007,1914,GM1640,0.26332288401253917,0.17920585161964472
WK164008,1251,GM1640,0.23501199040767387,0.1374900079936051
WK164009,619,GM1640,0.26978998384491115,0.20032310177705978
WK164011,903,GM1640,0.18161683277962348,0.11295681063122924
WK164012,271,GM1640,0.28413284132841327,0.16974169741697417
WK164013,729,GM1640,0.1934156378600823,0.11248285322359397
WK164014,628,GM1640,0.3105095541401274,0.20382165605095542
WK164015,853,GM1640,0.2790152403282532,0.18757327080890973
WK164100,5848,GM1641,0.2556429548563611,0.17869357045143638
WK164101,1878,GM1641,0.32055378061767836,0.2220447284345048
WK164102,914,GM1641,0.28227571115973743,0.18161925601750548
WK164103,480,GM1641,0.20833333333333334,0.15416666666666667
WK164104,1311,GM1641,0.2608695652173913,0.18688024408848208
WK164105,2456,GM1641,0.21986970684039087,0.1482084690553746
WK164106,949,GM1641,0.2518440463645943,0.16859852476290832
WK165200,2633,GM1652,0.17394606912267377,0.11127990884922143
WK165201,3361,GM1652,0.211841713775662,0.13835168104730736
WK165202,3007,GM1652,0.20651812437645495,0.13368806119055537
WK165203,1068,GM1652,0.18164794007490637,0.13202247191011235
WK165204,1021,GM1652,0.1762977473065622,0.11361410381978453
WK165205,585,GM1652,0.14358974358974358,0.09401709401709402
WK165206,3154,GM1652,0.225428027901078,0.1487000634115409
WK165207,1297,GM1652,0.19892058596761758,0.14263685427910563
WK165208,646,GM1652,0.18885448916408668,0.10835913312693499
WK165800,7170,GM1658,0.14644351464435146,0.09442119944211995
WK165801,2369,GM1658,0.17264668636555508,0.0966652596032081
WK165802,404,GM1658,0.15841584158415842,0.07920792079207921
WK165803,925,GM1658,0.20216216216216215,0.12756756756756757
WK165900,7437,GM1659,0.19255075971493882,0.13056339922011564
WK165901,3307,GM1659,0.190807378288479,0.10855760508013305
WK165902,2527,GM1659,0.23545706371191136,0.14285714285714285
WK165903,1125,GM1659,0.17955555555555555,0.12355555555555556
WK166700,5469,GM1667,0.17754616931797404,0.12013165112452003
WK166701,1056,GM1667,0.1534090909090909,0.09659090909090909
WK166702,1050,GM1667,0.15142857142857144,0.1
WK166703,475,GM1667,0.10736842105263159,0.061052631578947365
WK166901,1685,GM1669,0.3566765578635015,0.2629080118694362
WK166902,3582,GM1669,0.22278056951423786,0.17476270240089337
WK166903,2123,GM1669,0.2520018841262365,0.17616580310880828
WK166904,1988,GM1669,0.31891348088531185,0.2238430583501006
WK166905,2015,GM1669,0.2967741935483871,0.22531017369727047
WK166906,1143,GM1669,0.40244969378827644,0.2878390201224847
WK167400,3928,GM1674,0.2158859470468432,0.12092668024439919
WK167401,2693,GM1674,0.22168585220943185,0.12885258076494616
WK167402,2643,GM1674,0.252364737041241,0.164207340143776
WK167403,2679,GM1674,0.2631578947368421,0.1601343784994401
WK167404,4074,GM1674,0.23122238586156113,0.13917525773195877
WK167405,1396,GM1674,0.25787965616045844,0.15257879656160458
WK167406,6531,GM1674,0.21283111315265657,0.1281580156178227
WK167407,7598,GM1674,0.2350618583837852,0.14056330613319296
WK167410,929,GM1674,0.20021528525296017,0.11410118406889128
WK167411,2648,GM1674,0.19939577039274925,0.13104229607250756
WK167412,973,GM1674,0.24254881808838644,0.14799588900308325
WK167413,374,GM1674,0.21122994652406418,0.0855614973262032
WK167414,731,GM1674,0.23392612859097128,0.13132694938440492
WK167600,6385,GM1676,0.18684416601409554,0.09162098668754894
WK167601,717,GM1676,0.20502092050209206,0.11715481171548117
WK167602,461,GM1676,0.16052060737527116,0.0824295010845987
WK167603,568,GM1676,0.1742957746478873,0.0897887323943662
WK167604,476,GM1676,0.17016806722689076,0.09453781512605042
WK167605,2285,GM1676,0.20393873085339168,0.11203501094091904
WK167606,1507,GM1676,0.18712674187126743,0.0982083609820836
WK167607,1432,GM1676,0.14874301675977653,0.0824022346368715
WK167608,396,GM1676,0.16414141414141414,0.07828282828282829
WK167609,702,GM1676,0.2535612535612536,0.13105413105413105
WK167610,568,GM1676,0.13908450704225353,0.07042253521126761
WK167611,215,GM1676,0.21395348837209302,0.13953488372093023
WK167612,2419,GM1676,0.18478710210830923,0.10665564282761472
WK167613,1189,GM1676,0.18334735071488645,0.0941968040370059
WK167614,219,GM1676,0.2968036529680365,0.1004566210045662
WK167615,183,GM1676,0.25136612021857924,0.09836065573770492
WK168000,2159,GM1680,0.11672070402964335,0.0666975451597962
WK168001,853,GM1680,0.17584994138335286,0.10316529894490035
WK168002,246,GM1680,0.12195121951219512,0.056910569105691054
WK168003,297,GM1680,0.10774410774410774,0.03367003367003367
WK168004,194,GM1680,0.12886597938144329,0.05670103092783505
WK168005,405,GM1680,0.10617283950617284,0.05185185185185185
WK168006,395,GM1680,0.14936708860759493,0.10126582278481013
WK168008,262,GM1680,0.11450381679389313,0.0648854961832061
WK168011,276,GM1680,0.2210144927536232,0.13043478260869565
WK168012,257,GM1680,0.3229571984435798,0.16342412451361868
WK168014,1003,GM1680,0.1465603190428714,0.09272183449651047
WK168015,1067,GM1680,0.2839737582005623,0.18088097469540768
WK168016,387,GM1680,0.1937984496124031,0.12403100775193798
WK168017,5228,GM1680,0.11534047436878347,0.07306809487375669
WK168018,599,GM1680,0.24373956594323873,0.15358931552587646
WK168019,2644,GM1680,0.13275340393343418,0.07413010590015129
WK168020,725,GM1680,0.11172413793103449,0.05655172413793103
WK168021,390,GM1680,0.07692307692307693,0.035897435897435895
WK168100,782,GM1681,0.23529411764705882,0.14066496163682865
WK168101,1911,GM1681,0.3621140763997907,0.24385138670852957
WK168102,142,GM1681,0.09859154929577464,0.056338028169014086
WK168179,270,GM1681,0.24814814814814815,0.15925925925925927
WK168180,1136,GM1681,0.3494718309859155,0.24031690140845072
WK168182,2926,GM1681,0.1572112098427888,0.09501025290498975
WK168185,504,GM1681,0.16865079365079366,0.10119047619047619
WK168186,551,GM1681,0.26860254083484575,0.17604355716878403
WK168187,401,GM1681,0.18453865336658354,0.09975062344139651
WK168188,323,GM1681,0.25696594427244585,0.13622291021671826
WK168189,193,GM1681,0.16580310880829016,0.08290155440414508
WK168190,402,GM1681,0.1890547263681592,0.0945273631840796
WK168195,2919,GM1681,0.11784857828023296,0.07262761219595752
WK168196,428,GM1681,0.22429906542056074,0.16121495327102803
WK168197,2290,GM1681,0.32183406113537116,0.21048034934497817
WK168198,1242,GM1681,0.13365539452495975,0.07809983896940419
WK168199,321,GM1681,0.1526479750778816,0.0778816199376947
WK169000,5898,GM1690,0.1681926076636148,0.09715157680569685
WK169001,974,GM1690,0.2741273100616016,0.1591375770020534
WK169003,328,GM1690,0.24390243902439024,0.17378048780487804
WK169004,369,GM1690,0.2032520325203252,0.08130081300813008
WK169005,401,GM1690,0.2144638403990025,0.10224438902743142
WK169006,387,GM1690,0.21963824289405684,0.11369509043927649
WK169007,302,GM1690,0.1986754966887417,0.12582781456953643
WK169008,1940,GM1690,0.17835051546391753,0.10463917525773196
WK169010,394,GM1690,0.12944162436548223,0.06852791878172589
WK169011,2496,GM1690,0.171875,0.09294871794871795
WK169012,1463,GM1690,0.18865345181134655,0.10116199589883801
WK169013,1741,GM1690,0.18437679494543366,0.10683515221137277
WK169600,845,GM1696,0.1834319526627219,0.09112426035502959
WK169601,3882,GM1696,0.17954662545079855,0.10046367851622875
WK169602,988,GM1696,0.17408906882591094,0.11234817813765183
WK169603,929,GM1696,0.20990312163616792,0.10656620021528525
WK169604,6601,GM1696,0.15558248750189366,0.09013785790031813
WK169606,2816,GM1696,0.21448863636363635,0.12428977272727272
WK169900,13246,GM1699,0.14940359353767174,0.0924052544164276
WK169901,405,GM1699,0.19753086419753085,0.11358024691358025
WK169903,3994,GM1699,0.18803204807210816,0.1114171256885328
WK169906,3377,GM1699,0.15812851643470535,0.09890435297601421
WK170001,9731,GM1700,0.16072346110368924,0.09978419484122907
WK170002,2423,GM1700,0.3784564589352043,0.2732150226991333
WK170003,3284,GM1700,0.16656516443361755,0.10200974421437271
WK170004,4993,GM1700,0.3180452633687162,0.22371319847786902
WK170005,404,GM1700,0.21782178217821782,0.1485148514851485
WK170100,3699,GM1701,0.11354420113544202,0.072992700729927
WK170101,391,GM1701,0.12531969309462915,0.05370843989769821
WK170102,341,GM1701,0.15542521994134897,0.07917888563049853
WK170103,1660,GM1701,0.14036144578313253,0.07590361445783132
WK170104,379,GM1701,0.12137203166226913,0.055408970976253295
WK170106,542,GM1701,0.13099630996309963,0.05904059040590406
WK170108,2775,GM1701,0.1881081081081081,0.11675675675675676
WK170109,886,GM1701,0.22121896162528218,0.12076749435665914
WK170110,482,GM1701,0.2053941908713693,0.1078838174273859
WK170111,1652,GM1701,0.17433414043583534,0.09685230024213075
WK170115,971,GM1701,0.2481977342945417,0.12770339855818744
WK170500,10641,GM1705,0.14331359834602012,0.0921905835917677
WK170501,4008,GM1705,0.19161676646706588,0.12350299401197605
WK170502,11297,GM1705,0.19323714260423122,0.11958927148800566
WK170504,1691,GM1705,0.16558249556475457,0.09816676522767594
WK170505,1652,GM1705,0.1694915254237288,0.1198547215496368
WK170506,1076,GM1705,0.266728624535316,0.17657992565055763
WK170600,4963,GM1706,0.27221438645980256,0.17308079790449324
WK170601,1012,GM1706,0.3092885375494071,0.20454545454545456
WK170602,711,GM1706,0.3431786216596343,0.22644163150492264
WK170603,2902,GM1706,0.22363886974500344,0.13680220537560303
WK170604,1060,GM1706,0.22075471698113208,0.14245283018867924
WK170605,537,GM1706,0.22532588454376165,0.15828677839851024
WK170800,12894,GM1708,0.19233752132774934,0.11935784085621219
WK170802,1962,GM1708,0.19571865443425077,0.12130479102956167
WK170803,174,GM1708,0.29310344827586204,0.16091954022988506
WK170804,610,GM1708,0.27049180327868855,0.11967213114754098
WK170805,215,GM1708,0.19534883720930232,0.10232558139534884
WK170806,481,GM1708,0.2203742203742204,0.1288981288981289
WK170807,2340,GM1708,0.21666666666666667,0.1264957264957265
WK170808,1521,GM1708,0.20512820512820512,0.1032215647600263
WK170810,388,GM1708,0.18556701030927836,0.09536082474226804
WK170811,1027,GM1708,0.21518987341772153,0.12950340798442064
WK170816,833,GM1708,0.24849939975990396,0.13565426170468187
WK170817,1529,GM1708,0.20863309352517986,0.12818835840418574
WK170819,591,GM1708,0.21150592216582065,0.10998307952622674
WK170820,297,GM1708,0.2727272727272727,0.1717171717171717
WK170826,747,GM1708,0.25167336010709507,0.13788487282463185
WK170828,1286,GM1708,0.19206842923794712,0.09486780715396578
WK170829,1313,GM1708,0.22315308453922314,0.1370906321401371
WK170833,330,GM1708,0.2606060606060606,0.15757575757575756
WK170900,10380,GM1709,0.20722543352601155,0.13342967244701348
WK170901,853,GM1709,0.24267291910902697,0.16764361078546308
WK170902,526,GM1709,0.2300380228136882,0.14638783269961977
WK170903,3058,GM1709,0.24133420536298233,0.14126880313930673
WK170904,591,GM1709,0.350253807106599,0.24873096446700507
WK170905,608,GM1709,0.26480263157894735,0.15953947368421054
WK170906,1221,GM1709,0.28255528255528256,0.2022932022932023
WK170907,2990,GM1709,0.2866220735785953,0.17926421404682275
WK170908,472,GM1709,0.3114406779661017,0.2033898305084746
WK170909,1318,GM1709,0.1669195751138088,0.08497723823975721
WK170910,564,GM1709,0.2429078014184397,0.15780141843971632
WK171101,4010,GM1711,0.30399002493765587,0.2114713216957606
WK171102,504,GM1711,0.29365079365079366,0.2222222222222222
WK171104,766,GM1711,0.3381201044386423,0.2402088772845953
WK171105,7194,GM1711,0.2610508757297748,0.1862663330553239
WK171106,788,GM1711,0.3616751269035533,0.2296954314720812
WK171107,2433,GM1711,0.322235922729141,0.22112618166872175
WK171108,540,GM1711,0.3351851851851852,0.24444444444444444
WK171109,1821,GM1711,0.2515101592531576,0.18451400329489293
WK171110,857,GM1711,0.2928821470245041,0.1983663943990665
WK171111,858,GM1711,0.3508158508158508,0.2540792540792541
WK171400,989,GM1714,0.268958543983822,0.15470171890798787
WK171401,179,GM1714,0.1452513966480447,0.07262569832402235
WK171402,931,GM1714,0.22663802363050484,0.1267454350161117
WK171403,293,GM1714,0.23208191126279865,0.16723549488054607
WK171404,179,GM1714,0.18994413407821228,0.11173184357541899
WK171405,2407,GM1714,0.23431657665143332,0.13585375986705442
WK171407,408,GM1714,0.21323529411764705,0.11764705882352941
WK171408,251,GM1714,0.1952191235059761,0.11155378486055777
WK171409,558,GM1714,0.26523297491039427,0.13799283154121864
WK171410,2306,GM1714,0.3148308759757155,0.19731136166522117
WK171411,326,GM1714,0.294478527607362,0.1901840490797546
WK171412,1237,GM1714,0.211802748585287,0.10913500404203719
WK171413,696,GM1714,0.22844827586206898,0.14367816091954022
WK171414,306,GM1714,0.21241830065359477,0.07516339869281045
WK171901,424,GM1719,0.2641509433962264,0.14622641509433962
WK171902,3839,GM1719,0.2531909351393592,0.15212294868455326
WK171903,3534,GM1719,0.18760611205432937,0.11629881154499151
WK171904,1152,GM1719,0.21006944444444445,0.13368055555555555
WK171905,933,GM1719,0.2315112540192926,0.1489817792068596
WK171906,2324,GM1719,0.2706540447504303,0.17685025817555938
WK172101,9741,GM1721,0.17174828046401808,0.10922903192690689
WK172102,4564,GM1721,0.13650306748466257,0.08369851007887817
WK172103,3368,GM1721,0.1736935866983373,0.10570071258907364
WK172105,912,GM1721,0.14583333333333334,0.08333333333333333
WK172106,1167,GM1721,0.16966580976863754,0.11139674378748929
WK172301,2349,GM1723,0.1979565772669221,0.10898254576415496
WK172302,3671,GM1723,0.15118496322527922,0.09180059929174612
WK172304,868,GM1723,0.19815668202764977,0.1152073732718894
WK172400,6347,GM1724,0.16464471403812825,0.11044587994328028
WK172403,1510,GM1724,0.14635761589403973,0.0814569536423841
WK172404,1242,GM1724,0.21014492753623187,0.12077294685990338
WK172405,877,GM1724,0.21322690992018245,0.11402508551881414
WK172406,2106,GM1724,0.198005698005698,0.12345679012345678
WK172800,7187,GM1728,0.17267288159176292,0.11479059412828718
WK172801,610,GM1728,0.1737704918032787,0.10655737704918032
WK172802,3175,GM1728,0.2053543307086614,0.11244094488188977
WK172803,1319,GM1728,0.19257012888551933,0.10993176648976498
WK172804,658,GM1728,0.19148936170212766,0.11398176291793313
WK172900,3889,GM1729,0.19259449730007713,0.1326819233736179
WK172901,1375,GM1729,0.2647272727272727,0.19272727272727272
WK172902,1011,GM1729,0.1641938674579624,0.12166172106824925
WK172903,1154,GM1729,0.24263431542461006,0.16204506065857885
WK172904,1049,GM1729,0.2221163012392755,0.1515729265967588
WK172905,794,GM1729,0.22418136020151133,0.1486146095717884
WK172906,410,GM1729,0.15609756097560976,0.1073170731707317
WK173000,4869,GM1730,0.12179092216060793,0.06941877182172931
WK173001,322,GM1730,0.2267080745341615,0.13664596273291926
WK173002,197,GM1730,0.15736040609137056,0.09137055837563451
WK173003,264,GM1730,0.08712121212121213,0.04924242424242424
WK173004,928,GM1730,0.10344827586206896,0.06465517241379311
WK173006,1717,GM1730,0.1351193942923704,0.07513104251601631
WK173007,4212,GM1730,0.12274453941120608,0.06837606837606838
WK173008,1802,GM1730,0.05382907880133185,0.018312985571587125
WK173009,2487,GM1730,0.13751507840772015,0.08524326497788501
WK173011,503,GM1730,0.15308151093439365,0.06759443339960239
WK173012,694,GM1730,0.22334293948126802,0.12247838616714697
WK173013,996,GM1730,0.1676706827309237,0.10742971887550201
WK173014,342,GM1730,0.1286549707602339,0.0847953216374269
WK173015,481,GM1730,0.14553014553014554,0.07276507276507277
WK173100,5683,GM1731,0.19725497096603906,0.10540207636811544
WK173101,662,GM1731,0.23413897280966767,0.13897280966767372
WK173102,963,GM1731,0.17445482866043613,0.09553478712357218
WK173103,1072,GM1731,0.21641791044776118,0.11007462686567164
WK173106,1936,GM1731,0.2753099173553719,0.1652892561983471
WK173107,1962,GM1731,0.21508664627930682,0.11926605504587157
WK173108,962,GM1731,0.2713097713097713,0.15384615384615385
WK173109,2949,GM1731,0.136656493726687,0.07494065785011868
WK173111,790,GM1731,0.15569620253164557,0.10253164556962026
WK173112,663,GM1731,0.2579185520361991,0.138763197586727
WK173402,9095,GM1734,0.13853765805387575,0.09202858713578889
WK173403,2178,GM1734,0.1721763085399449,0.10835629017447199
WK173405,3148,GM1734,0.1311944091486658,0.07337992376111817
WK173406,1378,GM1734,0.17851959361393324,0.09796806966618288
WK173407,1513,GM1734,0.15928618638466624,0.10508922670191673
WK173408,286,GM1734,0.21328671328671328,0.14685314685314685
WK173409,1794,GM1734,0.23132664437012262,0.1354515050167224
WK173410,897,GM1734,0.18394648829431437,0.12709030100334448
WK173411,2986,GM1734,0.19390488948425988,0.12190221031480242
WK173414,869,GM1734,0.189873417721519,0.12197928653624857
WK173415,2787,GM1734,0.21169716541083602,0.12881234302116973
WK173417,1236,GM1734,0.18122977346278318,0.11245954692556634
WK173418,2447,GM1734,0.23825091949325705,0.15610952186350632
WK173500,7973,GM1735,0.15928759563526904,0.09745390693590869
WK173501,1473,GM1735,0.22946367956551256,0.13238289205702647
WK173502,4020,GM1735,0.16417910447761194,0.09751243781094528
WK173505,1612,GM1735,0.13027295285359802,0.06699751861042183
WK173506,4063,GM1735,0.1626876692099434,0.09524981540733449
WK173507,485,GM1735,0.15670103092783505,0.09896907216494845
WK173508,2038,GM1735,0.1521099116781158,0.08096172718351324
WK173509,1286,GM1735,0.17262830482115085,0.08475894245723173
WK174000,8428,GM1740,0.15863787375415284,0.09242999525391551
WK174001,4089,GM1740,0.21765712888236732,0.1408657373440939
WK174002,2217,GM1740,0.25124041497519173,0.16553901668921966
WK174200,3341,GM1742,0.16581861718048488,0.08620173600718348
WK174203,5490,GM1742,0.13916211293260475,0.07978142076502732
WK174205,770,GM1742,0.10649350649350649,0.048051948051948054
WK174209,4270,GM1742,0.12365339578454333,0.06229508196721312
WK174210,6923,GM1742,0.18330203668929654,0.11252347248302759
WK174211,1798,GM1742,0.16907675194660735,0.09065628476084539
WK177100,18433,GM1771,0.20088970867465958,0.12781424618890033
WK177101,6323,GM1771,0.19516052506721493,0.12114502609520797
WK177301,2866,GM1773,0.1608513607815771,0.10153524075366364
WK177302,5105,GM1773,0.13183153770812928,0.08403525954946131
WK177303,814,GM1773,0.14987714987714987,0.085995085995086
WK177304,882,GM1773,0.14512471655328799,0.07709750566893424
WK177306,431,GM1773,0.12761020881670534,0.06496519721577726
WK177307,561,GM1773,0.16042780748663102,0.10873440285204991
WK177308,544,GM1773,0.125,0.07904411764705882
WK177309,576,GM1773,0.1076388888888889,0.04861111111111111
WK177310,63,GM1773,0.09523809523809523,0.031746031746031744
WK177312,305,GM1773,0.08852459016393442,0.03934426229508197
WK177410,7128,GM1774,0.14814814814814814,0.09231200897867564
WK177411,668,GM1774,0.16467065868263472,0.08532934131736528
WK177412,567,GM1774,0.1164021164021164,0.07054673721340388
WK177413,432,GM1774,0.1412037037037037,0.07175925925925926
WK177414,662,GM1774,0.1555891238670695,0.10120845921450151
WK177415,2888,GM1774,0.14993074792243768,0.09314404432132964
WK177416,1904,GM1774,0.16911764705882354,0.11186974789915967
WK177417,1489,GM1774,0.1490933512424446,0.11081262592343855
WK177418,1072,GM1774,0.19776119402985073,0.13526119402985073
WK177419,1187,GM1774,0.18534119629317608,0.12384161752316765
WK178301,19541,GM1783,0.20996878358323526,0.11642188219640755
WK178302,3730,GM1783,0.28820375335120646,0.14691689008042896
WK178303,2375,GM1783,0.3427368421052632,0.18610526315789475
WK178304,12374,GM1783,0.2566672054307419,0.13908194601583967
WK178305,7134,GM1783,0.28132884777123635,0.15755536865713485
WK178306,8854,GM1783,0.23639033205330923,0.12751298847978315
WK178307,7249,GM1783,0.2600358670161402,0.12925920816664369
WK178308,2476,GM1783,0.2508077544426494,0.13368336025848143
WK178309,3829,GM1783,0.3045181509532515,0.17602507182031862
WK178310,873,GM1783,0.3642611683848797,0.2600229095074456
WK184200,9004,GM1842,0.13827187916481565,0.0730786317192359
WK184201,4028,GM1842,0.19116186693147963,0.09011916583912612
WK185900,9810,GM1859,0.13037716615698267,0.07604485219164119
WK185901,7228,GM1859,0.18276148312119536,0.10251798561151079
WK185902,1784,GM1859,0.11827354260089686,0.06109865470852018
WK185903,5881,GM1859,0.21152865158986567,0.13756163917701072
WK185904,4542,GM1859,0.14244826067811536,0.07793923381770146
WK187600,8254,GM1876,0.1295129634116792,0.08311121880300461
WK187601,5978,GM1876,0.17464034794245567,0.10388089662094346
WK187602,5000,GM1876,0.1224,0.0724
WK187603,2863,GM1876,0.13866573524275236,0.08347886831994411
WK187604,2541,GM1876,0.1503345139708776,0.08303817394726486
WK188300,1583,GM1883,0.36765634870499053,0.23183828174352494
WK188301,7376,GM1883,0.22871475054229934,0.1420824295010846
WK188302,9500,GM1883,0.29189473684210526,0.18410526315789474
WK188303,2807,GM1883,0.273957962237264,0.17634485215532597
WK188304,2957,GM1883,0.24315184308420695,0.15826851538721678
WK188305,15712,GM1883,0.32911150712830956,0.20659368635437883
WK188306,5227,GM1883,0.3112684140042089,0.20317581786875838
WK188307,2855,GM1883,0.2945709281961471,0.1915936952714536
WK188400,9527,GM1884,0.18788705783562507,0.10580455547391623
WK188401,2053,GM1884,0.1982464685825621,0.1100828056502679
WK188402,3157,GM1884,0.1916376306620209,0.1038961038961039
WK188403,710,GM1884,0.176056338028169,0.08169014084507042
WK188404,2661,GM1884,0.2529124389327321,0.12213453588876362
WK189100,5419,GM1891,0.21498431444916036,0.12345451190256505
WK189101,1084,GM1891,0.21125461254612546,0.10055350553505535
WK189102,4682,GM1891,0.31418197351559163,0.19884664673216573
WK189103,675,GM1891,0.22666666666666666,0.1037037037037037
WK189201,2412,GM1892,0.16666666666666666,0.08996683250414594
WK189202,4384,GM1892,0.2333485401459854,0.11861313868613138
WK189203,4559,GM1892,0.19938583022592674,0.10506690063610441
WK189204,11556,GM1892,0.1854447905849775,0.09389061959155418
WK189400,1585,GM1894,0.289589905362776,0.20757097791798107
WK189401,12663,GM1894,0.212903735291795,0.14127773829266366
WK189402,2300,GM1894,0.25043478260869567,0.1708695652173913
WK189403,3437,GM1894,0.22606924643584522,0.13354669770148386
WK189404,3677,GM1894,0.2575469132444928,0.16671199347293988
WK189405,3384,GM1894,0.2470449172576832,0.16784869976359337
WK189500,9363,GM1895,0.26946491509131687,0.17206023710349247
WK189501,1315,GM1895,0.3239543726235741,0.23346007604562738
WK189502,307,GM1895,0.247557003257329,0.15309446254071662
WK189503,881,GM1895,0.3927355278093076,0.25312145289443816
WK189505,682,GM1895,0.3357771260997067,0.2316715542521994
WK189506,3718,GM1895,0.22700376546530393,0.15034965034965034
WK189507,852,GM1895,0.22065727699530516,0.15258215962441316
WK189508,288,GM1895,0.2326388888888889,0.125
WK189509,1932,GM1895,0.2360248447204969,0.16356107660455488
WK189510,687,GM1895,0.2852983988355167,0.2066957787481805
WK189600,5489,GM1896,0.1373656403716524,0.08289305884496265
WK189601,466,GM1896,0.1609442060085837,0.07081545064377683
WK189602,5676,GM1896,0.1416490486257928,0.08386187455954898
WK189604,2703,GM1896,0.22123566407695153,0.1357750647428783
WK190000,5479,GM1900,0.2159153130133236,0.1045811279430553
WK190001,25928,GM1900,0.18929342795433507,0.099622030237581
WK190002,3001,GM1900,0.20659780073308898,0.10329890036654449
WK190003,1923,GM1900,0.21112844513780551,0.10556422256890276
WK190004,1383,GM1900,0.18004338394793926,0.09544468546637744
WK190005,1697,GM1900,0.17442545668827342,0.07483794932233354
WK190006,1866,GM1900,0.18917470525187566,0.08681672025723473
WK190007,1420,GM1900,0.19154929577464788,0.07605633802816901
WK190008,678,GM1900,0.18289085545722714,0.07227138643067847
WK190009,1016,GM1900,0.1860236220472441,0.08366141732283465
WK190010,636,GM1900,0.1792452830188679,0.08333333333333333
WK190011,945,GM1900,0.1873015873015873,0.09523809523809523
WK190012,1058,GM1900,0.19092627599243855,0.09640831758034027
WK190013,2351,GM1900,0.23734581029349214,0.1382390472139515
WK190014,923,GM1900,0.19284940411700974,0.07583965330444203
WK190015,133,GM1900,0.3082706766917293,0.16541353383458646
WK190016,685,GM1900,0.17226277372262774,0.07737226277372262
WK190017,1964,GM1900,0.23778004073319756,0.12627291242362526
WK190018,280,GM1900,0.16428571428571428,0.1
WK190019,1312,GM1900,0.1875,0.07088414634146341
WK190020,3152,GM1900,0.14942893401015228,0.05678934010152284
WK190101,5383,GM1901,0.13839866245587962,0.07969533717258034
WK190102,7789,GM1901,0.17665939144948004,0.09179612273719348
WK190103,1063,GM1901,0.22013170272812793,0.1279397930385701
WK190104,1001,GM1901,0.14785214785214784,0.07492507492507493
WK190105,5161,GM1901,0.16818446037589616,0.08079829490408835
WK190106,1226,GM1901,0.17210440456769985,0.0766721044045677
WK190107,1007,GM1901,0.13505461767626614,0.06454816285998013
WK190300,5547,GM1903,0.20263205336217777,0.12745628267532
WK190301,1826,GM1903,0.21412924424972618,0.13143483023001096
WK190302,4263,GM1903,0.16162326999765422,0.11611541168191415
WK190303,2409,GM1903,0.18181818181818182,0.11498547114985472
WK190304,1188,GM1903,0.16582491582491582,0.11952861952861953
WK190305,1852,GM1903,0.1673866090712743,0.11231101511879049
WK190401,13523,GM1904,0.1364342231753309,0.08541004215041041
WK190402,6239,GM1904,0.1647699951915371,0.09408559063952557
WK190403,2681,GM1904,0.14285714285714285,0.07609101081685939
WK190404,547,GM1904,0.10786106032906764,0.025594149908592323
WK190405,2028,GM1904,0.14102564102564102,0.07100591715976332
WK190406,1169,GM1904,0.14029084687767324,0.0658682634730539
WK190407,929,GM1904,0.13885898815931108,0.077502691065662
WK190408,947,GM1904,0.1341077085533263,0.08342133051742344
WK190410,363,GM1904,0.14325068870523416,0.06887052341597796
WK190412,12192,GM1904,0.25508530183727035,0.16199146981627296
WK191101,8609,GM1911,0.18271576257405042,0.10674875130677199
WK191102,1598,GM1911,0.20525657071339173,0.10826032540675845
WK191103,1117,GM1911,0.2891674127126231,0.1593554162936437
WK191104,510,GM1911,0.2529411764705882,0.15490196078431373
WK191105,2787,GM1911,0.31611051309651955,0.16146393972012918
WK191106,1215,GM1911,0.3530864197530864,0.20246913580246914
WK191107,3300,GM1911,0.2596969696969697,0.14484848484848484
WK191108,399,GM1911,0.40100250626566414,0.24812030075187969
WK191109,929,GM1911,0.1969860064585576,0.0968783638320775
WK191110,1883,GM1911,0.2331386086032926,0.1253319171534785
WK191111,648,GM1911,0.3055555555555556,0.1712962962962963
WK191112,658,GM1911,0.20516717325227962,0.10790273556231003
WK191114,467,GM1911,0.21627408993576017,0.13062098501070663
WK191115,1704,GM1911,0.25234741784037557,0.12910798122065728
WK191116,2340,GM1911,0.1952991452991453,0.10128205128205128
WK191117,1414,GM1911,0.19943422913719944,0.10537482319660538
WK191601,2124,GM1916,0.1487758945386064,0.09416195856873823
WK191602,1472,GM1916,0.18885869565217392,0.11752717391304347
WK191603,2928,GM1916,0.18579234972677597,0.11099726775956284
WK191604,1261,GM1916,0.1887390959555908,0.11419508326724821
WK191605,3056,GM1916,0.231348167539267,0.1518324607329843
WK191606,2969,GM1916,0.20781407881441563,0.12697878073425395
WK191607,5923,GM1916,0.1455343575890596,0.0790140131690022
WK191608,1891,GM1916,0.1565309360126917,0.09518773135906927
WK191609,3566,GM1916,0.15787997756590016,0.08749298934380258
WK191610,5257,GM1916,0.18565721894616702,0.11128019783146281
WK191611,2174,GM1916,0.17203311867525298,0.10441582336706531
WK191612,2865,GM1916,0.09319371727748692,0.04851657940663176
WK191613,4064,GM1916,0.12721456692913385,0.06865157480314961
WK192400,1341,GM1924,0.18120805369127516,0.09395973154362416
WK192401,3934,GM1924,0.17234367056431113,0.09506863243518048
WK192402,1953,GM1924,0.271889400921659,0.159242191500256
WK192403,4065,GM1924,0.21082410824108241,0.11488314883148831
WK192404,1430,GM1924,0.25664335664335663,0.13706293706293707
WK192405,906,GM1924,0.3355408388520971,0.17880794701986755
WK192406,2912,GM1924,0.2534340659340659,0.13839285714285715
WK192407,3296,GM1924,0.2242111650485437,0.12439320388349515
WK192408,1225,GM1924,0.28816326530612246,0.16653061224489796
WK192409,727,GM1924,0.25997248968363135,0.15680880330123798
WK192410,4183,GM1924,0.20631125986134352,0.1078173559646187
WK192411,1384,GM1924,0.23482658959537572,0.14089595375722544
WK192412,855,GM1924,0.2982456140350877,0.1695906432748538
WK192413,674,GM1924,0.3115727002967359,0.2032640949554896
WK192601,16077,GM1926,0.18566896809106176,0.10082726876904895
WK192602,10116,GM1926,0.2077896401739818,0.12613681296955317
WK192603,5210,GM1926,0.16084452975047986,0.08138195777351248
WK193001,8789,GM1930,0.2123108430993287,0.14154056206621915
WK193002,2582,GM1930,0.34082106893880715,0.2002323780015492
WK193003,1605,GM1930,0.33084112149532713,0.17757009345794392
WK193005,1213,GM1930,0.3734542456718879,0.2085737840065952
WK193007,2545,GM1930,0.2833005893909627,0.1618860510805501
WK193008,1569,GM1930,0.33588272785213513,0.1975780752071383
WK193009,1624,GM1930,0.32389162561576357,0.18411330049261085
WK193011,1201,GM1930,0.34138218151540384,0.19233971690258117
WK193012,5967,GM1930,0.34221551868610695,0.208312384782973
WK193013,608,GM1930,0.35855263157894735,0.23190789473684212
WK193014,3281,GM1930,0.3447119780554709,0.20024382810118865
WK193015,7120,GM1930,0.3158707865168539,0.17457865168539327
WK193025,1486,GM1930,0.310228802153432,0.17362045760430686
WK193027,872,GM1930,0.2408256880733945,0.15481651376146788
WK193029,686,GM1930,0.2857142857142857,0.1749271137026239
WK193031,3433,GM1930,0.25691814739295077,0.12904165452956598
WK193033,293,GM1930,0.32764505119453924,0.18088737201365188
WK193050,1007,GM1930,0.2830188679245283,0.15789473684210525
WK193100,4581,GM1931,0.221567343374809,0.11285745470421306
WK193101,3880,GM1931,0.24561855670103092,0.12268041237113401
WK193102,3421,GM1931,0.1832797427652733,0.08915521777258112
WK193103,1398,GM1931,0.23319027181688126,0.12374821173104435
WK193104,3206,GM1931,0.1793512164691204,0.08858390517779165
WK193105,737,GM1931,0.21845318860244234,0.10312075983717775
WK193106,1035,GM1931,0.2289855072463768,0.12270531400966184
WK193107,1059,GM1931,0.10198300283286119,0.031161473087818695
WK193108,2725,GM1931,0.19412844036697247,0.11486238532110092
WK193110,3032,GM1931,0.17579155672823218,0.09300791556728233
WK193111,374,GM1931,0.10160427807486631,0.053475935828877004
WK193112,7509,GM1931,0.18018377946464242,0.09055799707018244
WK194002,706,GM1940,0.301699716713881,0.14305949008498584
WK194003,2266,GM1940,0.21624007060900266,0.09620476610767872
WK194004,429,GM1940,0.24242424242424243,0.11888111888111888
WK194011,888,GM1940,0.22635135135135134,0.12612612612612611
WK194013,234,GM1940,0.09829059829059829,0.05128205128205128
WK194015,189,GM1940,0.1693121693121693,0.08465608465608465
WK194016,376,GM1940,0.14893617021276595,0.05319148936170213
WK194017,401,GM1940,0.1770573566084788,0.09476309226932668
WK194018,344,GM1940,0.23255813953488372,0.08430232558139535
WK194019,11622,GM1940,0.16520392359318534,0.08845293409051798
WK194021,681,GM1940,0.20411160058737152,0.09691629955947137
WK194023,5880,GM1940,0.26377551020408163,0.12874149659863945
WK194026,362,GM1940,0.17955801104972377,0.09668508287292818
WK194028,589,GM1940,0.27164685908319186,0.15959252971137522
WK194029,223,GM1940,0.19282511210762332,0.07623318385650224
WK194030,1116,GM1940,0.13978494623655913,0.07526881720430108
WK194031,796,GM1940,0.21105527638190955,0.10804020100502512
WK194032,398,GM1940,0.20351758793969849,0.10050251256281408
WK194038,636,GM1940,0.21226415094339623,0.12264150943396226
WK194040,460,GM1940,0.2891304347826087,0.15
WK194041,1894,GM1940,0.2365364308342133,0.1061246040126716
WK194042,989,GM1940,0.2608695652173913,0.1506572295247725
WK194043,433,GM1940,0.21709006928406466,0.11085450346420324
WK194045,256,GM1940,0.20703125,0.10546875
WK194046,497,GM1940,0.18309859154929578,0.10261569416498995
WK194047,232,GM1940,0.11637931034482758,0.0603448275862069
WK194049,231,GM1940,0.15584415584415584,0.09090909090909091
WK194050,245,GM1940,0.2612244897959184,0.0653061224489796
WK194051,363,GM1940,0.13774104683195593,0.046831955922865015
WK194200,3926,GM1942,0.1653082017320428,0.07539480387162506
WK194201,2873,GM1942,0.08458057779324747,0.032718412808910545
WK194202,6389,GM1942,0.15761465017999687,0.07653779934262013
WK194203,3265,GM1942,0.08790199081163859,0.033690658499234305
WK194204,3856,GM1942,0.12577800829875518,0.06483402489626557
WK194205,7993,GM1942,0.1177280120105092,0.057925684974352555
WK194500,2010,GM1945,0.1253731343283582,0.07412935323383085
WK194501,1296,GM1945,0.10648148148148148,0.05324074074074074
WK194502,2346,GM1945,0.26854219948849106,0.1947996589940324
WK194503,811,GM1945,0.218249075215783,0.15782983970406905
WK194505,6450,GM1945,0.25069767441860463,0.1827906976744186
WK194506,564,GM1945,0.0726950354609929,0.031914893617021274
WK194507,342,GM1945,0.11695906432748537,0.06432748538011696
WK194508,1013,GM1945,0.175715695952616,0.13228035538005922
WK194509,3218,GM1945,0.21068986948415164,0.1379738968303294
WK194510,1561,GM1945,0.16143497757847533,0.11146700832799487
WK194512,332,GM1945,0.08433734939759036,0.04216867469879518
WK194801,4073,GM1948,0.17480972256322122,0.11048367296832802
WK194802,12657,GM1948,0.23172947775934266,0.14798135419135655
WK194803,10426,GM1948,0.16976788797237674,0.1039708421254556
WK194804,23393,GM1948,0.16321121703073568,0.1023383063309537
WK194915,474,GM1949,0.1877637130801688,0.08438818565400844
WK194916,2272,GM1949,0.23459507042253522,0.1073943661971831
WK194918,1423,GM1949,0.21925509486999298,0.11103302881236823
WK194919,436,GM1949,0.21788990825688073,0.11697247706422019
WK194920,532,GM1949,0.18421052631578946,0.12781954887218044
WK194923,326,GM1949,0.1165644171779141,0.08282208588957055
WK194924,665,GM1949,0.12030075187969924,0.06015037593984962
WK194926,2027,GM1949,0.18105574740996547,0.08140108534780464
WK194928,10479,GM1949,0.15612176734421224,0.08607691573623437
WK194931,248,GM1949,0.1814516129032258,0.10080645161290322
WK194932,1042,GM1949,0.272552783109405,0.1420345489443378
WK194934,608,GM1949,0.1875,0.10032894736842106
WK194935,1352,GM1949,0.19600591715976332,0.10281065088757396
WK194936,916,GM1949,0.22816593886462883,0.10589519650655022
WK194937,369,GM1949,0.2140921409214092,0.08672086720867209
WK194938,305,GM1949,0.26557377049180325,0.15737704918032788
WK194939,569,GM1949,0.23374340949033393,0.1282952548330404
WK194940,290,GM1949,0.2517241379310345,0.09655172413793103
WK194942,381,GM1949,0.2099737532808399,0.08923884514435695
WK194944,956,GM1949,0.22698744769874477,0.12447698744769875
WK194945,131,GM1949,0.06870229007633588,0.022900763358778626
WK194948,594,GM1949,0.2239057239057239,0.10942760942760943
WK194949,721,GM1949,0.2884882108183079,0.15950069348127602
WK194950,393,GM1949,0.32061068702290074,0.19338422391857507
WK194952,158,GM1949,0.2974683544303797,0.12025316455696203
WK194953,757,GM1949,0.15984147952443858,0.0845442536327609
WK194954,380,GM1949,0.11842105263157894,0.06315789473684211
WK195000,2472,GM1950,0.3086569579288026,0.20590614886731393
WK195001,377,GM1950,0.29708222811671087,0.16710875331564987
WK195002,2133,GM1950,0.26676043131739335,0.16549460853258322
WK195003,3372,GM1950,0.16785290628706998,0.1064650059311981
WK195004,1660,GM1950,0.25542168674698795,0.13734939759036144
WK195005,368,GM1950,0.266304347826087,0.1766304347826087
WK195007,4149,GM1950,0.3179079296215956,0.21547360809833696
WK195009,681,GM1950,0.3641703377386197,0.2422907488986784
WK195201,2241,GM1952,0.25301204819277107,0.14904060687193219
WK195202,7780,GM1952,0.2109254498714653,0.13766066838046273
WK195203,1144,GM1952,0.19055944055944055,0.1215034965034965
WK195204,3711,GM1952,0.24737267582861763,0.16033414174077068
WK195205,526,GM1952,0.14638783269961977,0.09695817490494296
WK195207,604,GM1952,0.3029801324503311,0.21688741721854304
WK195208,600,GM1952,0.19666666666666666,0.13166666666666665
WK195209,2093,GM1952,0.16961299569995222,0.10702341137123746
WK195210,793,GM1952,0.2408575031525851,0.1614123581336696
WK195211,549,GM1952,0.2167577413479053,0.11657559198542805
WK195212,5523,GM1952,0.10700706137968495,0.08057215281549883
WK195213,904,GM1952,0.17699115044247787,0.09623893805309734
WK195215,1868,GM1952,0.2221627408993576,0.13704496788008566
WK195216,340,GM1952,0.2,0.12941176470588237
WK195217,270,GM1952,0.2074074074074074,0.14074074074074075
WK195218,2734,GM1952,0.3269934162399415,0.21982443306510607
WK195219,904,GM1952,0.23783185840707965,0.13495575221238937
WK195220,1992,GM1952,0.23393574297188754,0.14206827309236947
WK195221,947,GM1952,0.21436114044350582,0.1341077085533263
WK195400,4359,GM1954,0.3376921312227575,0.22688690066529021
WK195401,6607,GM1954,0.22324807022854548,0.16028454669290146
WK195402,926,GM1954,0.19546436285097193,0.1263498920086393
WK195403,2167,GM1954,0.28011075219197046,0.1601292108906322
WK195404,1882,GM1954,0.2035069075451647,0.12433581296493093
WK195405,3205,GM1954,0.2452418096723869,0.153198127925117
WK195406,4200,GM1954,0.2488095238095238,0.1630952380952381
WK195500,8147,GM1955,0.24818951761384558,0.15969068368724684
WK195501,2811,GM1955,0.21664887940234792,0.13376022767698328
WK195502,9749,GM1955,0.25633398297261256,0.1681198071597087
WK195901,6056,GM1959,0.2300198150594452,0.13507265521796566
WK195902,3268,GM1959,0.17319461444308445,0.08843329253365972
WK195903,2026,GM1959,0.23593287265547877,0.15054294175715696
WK195904,2406,GM1959,0.2747298420615129,0.17497921862011637
WK195905,1359,GM1959,0.26490066225165565,0.17954378219278883
WK195906,2893,GM1959,0.1994469408918078,0.12201866574490149
WK195907,954,GM1959,0.24842767295597484,0.14570230607966456
WK195908,435,GM1959,0.18160919540229886,0.08275862068965517
WK195910,905,GM1959,0.23314917127071824,0.11491712707182321
WK195911,1378,GM1959,0.22568940493468795,0.12264150943396226
WK195912,2315,GM1959,0.17494600431965443,0.09719222462203024
WK195913,1766,GM1959,0.2508493771234428,0.12570781426953567
WK195914,3564,GM1959,0.24803591470258138,0.13748597081930417
WK195916,627,GM1959,0.14832535885167464,0.06539074960127592
WK195917,775,GM1959,0.24129032258064517,0.15225806451612903
WK195919,1029,GM1959,0.21574344023323616,0.13313896987366375
WK196000,7271,GM1960,0.20794938797964516,0.12639251822307798
WK196001,2413,GM1960,0.21094073767094904,0.11562370493162039
WK196002,2947,GM1960,0.2694265354597896,0.16185951815405497
WK196003,1894,GM1960,0.20221752903907075,0.12882787750791974
WK196004,1879,GM1960,0.2368281000532198,0.14209686003193187
WK196005,2799,GM1960,0.2643801357627724,0.16434440871739908
WK196006,2545,GM1960,0.2157170923379175,0.15206286836935168
WK196007,1863,GM1960,0.22973698336017176,0.15083199141170156
WK196008,1998,GM1960,0.2092092092092092,0.13263263263263264
WK196009,1341,GM1960,0.2431021625652498,0.1401938851603281
WK196010,1692,GM1960,0.22576832151300236,0.14479905437352245
WK196011,1576,GM1960,0.24238578680203046,0.13261421319796954
WK196103,2447,GM1961,0.18389865140988967,0.10543522680833674
WK196105,2511,GM1961,0.1525288729589805,0.08323377140581442
WK196108,1458,GM1961,0.15912208504801098,0.09396433470507544
WK196109,533,GM1961,0.13133208255159476,0.08067542213883677
WK196111,901,GM1961,0.08990011098779134,0.05549389567147614
WK196113,555,GM1961,0.25585585585585585,0.14594594594594595
WK196115,649,GM1961,0.14329738058551617,0.08628659476117104
WK196119,4418,GM1961,0.21910366681756452,0.13920325939339068
WK196120,1355,GM1961,0.26199261992619927,0.15867158671586715
WK196121,6035,GM1961,0.13587406793703397,0.09179784589892295
WK196122,1525,GM1961,0.24918032786885247,0.17901639344262296
WK196124,3401,GM1961,0.21993531314319317,0.15024992649220817
WK196125,2036,GM1961,0.18418467583497053,0.11100196463654224
WK196126,1312,GM1961,0.21189024390243902,0.1448170731707317
WK196127,1516,GM1961,0.17282321899736147,0.09234828496042216
WK196129,1370,GM1961,0.18175182481751825,0.10802919708029197
WK196130,1179,GM1961,0.15267175572519084,0.09584393553859202
WK196133,644,GM1961,0.2204968944099379,0.14130434782608695
WK196134,1055,GM1961,0.16682464454976303,0.0947867298578199
WK196138,689,GM1961,0.17561683599419448,0.11465892597968069
WK196900,2543,GM1969,0.23082972866692883,0.12072355485646874
WK196901,545,GM1969,0.22385321100917432,0.11926605504587157
WK196902,1687,GM1969,0.2548903378778897,0.15234143449911083
WK196903,1664,GM1969,0.1856971153846154,0.11117788461538461
WK196904,8856,GM1969,0.13685636856368563,0.08423667570009033
WK196905,1454,GM1969,0.1953232462173315,0.11348005502063274
WK196906,2117,GM1969,0.18327822390174775,0.10297590930562116
WK196907,466,GM1969,0.19742489270386265,0.09012875536480687
WK196909,481,GM1969,0.1891891891891892,0.08316008316008316
WK196910,261,GM1969,0.038314176245210725,0.011494252873563218
WK196911,4469,GM1969,0.22242112329380176,0.12463638397851869
WK196912,1144,GM1969,0.26223776223776224,0.15734265734265734
WK196913,931,GM1969,0.10096670247046187,0.05477980665950591
WK196914,5501,GM1969,0.1083439374659153,0.06307944010179967
WK196915,2192,GM1969,0.1729014598540146,0.09762773722627738
WK196916,1193,GM1969,0.1374685666387259,0.07041072925398156
WK196917,1700,GM1969,0.14529411764705882,0.09117647058823529
WK197000,10196,GM1970,0.16869360533542566,0.08601412318556297
WK197001,719,GM1970,0.27399165507649514,0.15299026425591097
WK197002,837,GM1970,0.2867383512544803,0.14695340501792115
WK197003,1097,GM1970,0.3108477666362808,0.14038286235186873
WK197004,495,GM1970,0.29292929292929293,0.16161616161616163
WK197005,1287,GM1970,0.2540792540792541,0.13131313131313133
WK197006,1200,GM1970,0.27416666666666667,0.16083333333333333
WK197007,391,GM1970,0.20460358056265984,0.08695652173913043
WK197008,2196,GM1970,0.23041894353369763,0.12112932604735883
WK197009,1381,GM1970,0.2266473569876901,0.10065170166545981
WK197010,1010,GM1970,0.21683168316831683,0.1099009900990099
WK197011,3125,GM1970,0.23168,0.12928
WK197012,1027,GM1970,0.2317429406037001,0.14410905550146055
WK197013,998,GM1970,0.3076152304609218,0.1713426853707415
WK197014,1954,GM1970,0.3254861821903787,0.17860798362333674
WK197901,4540,GM1979,0.1502202643171806,0.10903083700440529
WK197902,1580,GM1979,0.2189873417721519,0.13924050632911392
WK197903,771,GM1979,0.3359273670557717,0.24124513618677043
WK197904,952,GM1979,0.26785714285714285,0.15756302521008403
WK197905,591,GM1979,0.18781725888324874,0.12859560067681894
WK197906,1969,GM1979,0.22803453529710513,0.14931437277805992
WK197907,2116,GM1979,0.19612476370510398,0.11389413988657845
WK197909,2346,GM1979,0.2612958226768968,0.18115942028985507
WK197911,3022,GM1979,0.20615486432825944,0.1373262739907346
WK197912,2106,GM1979,0.2815764482431149,0.18138651471984804
WK197913,927,GM1979,0.1779935275080906,0.104638619201726
WK197916,2317,GM1979,0.14113077255071213,0.08286577470867501
WK197917,890,GM1979,0.13595505617977527,0.07191011235955057
WK197918,1532,GM1979,0.12859007832898173,0.06135770234986945
WK197919,938,GM1979,0.18550106609808104,0.1279317697228145
WK198001,2201,GM1980,0.22762380736029078,0.1004089050431622
WK198002,4238,GM1980,0.2288815478999528,0.12269938650306748
WK198003,4489,GM1980,0.1450211628425039,0.09289374025395411
WK198004,3892,GM1980,0.20272353545734842,0.08967112024665981
WK198005,3137,GM1980,0.1874402295186484,0.07905642333439591
WK198006,170,GM1980,0.22941176470588234,0.10588235294117647
WK198013,7916,GM1980,0.22006063668519454,0.117988883274381
WK198017,2471,GM1980,0.2743828409550789,0.14649939295831646
WK198018,8810,GM1980,0.14267877412031782,0.08161180476730988
WK198020,1806,GM1980,0.24197120708748615,0.13344407530454042
WK198023,5786,GM1980,0.17818873142067057,0.08918078119599032
WK198025,1915,GM1980,0.2308093994778068,0.10600522193211488
WK198026,2626,GM1980,0.22543792840822544,0.10243716679360244
WK198027,1640,GM1980,0.1902439024390244,0.09268292682926829
WK198201,636,GM1982,0.19025157232704404,0.12264150943396226
WK198202,5761,GM1982,0.19701440722096858,0.12237458774518313
WK198203,783,GM1982,0.15708812260536398,0.10600255427841634
WK198204,792,GM1982,0.17929292929292928,0.125
WK198205,213,GM1982,0.15023474178403756,0.08450704225352113
WK198206,280,GM1982,0.16071428571428573,0.09285714285714286
WK198207,1069,GM1982,0.15341440598690365,0.09635173058933583
WK198208,8916,GM1982,0.18304172274562583,0.11462539255271423
WK198209,1367,GM1982,0.168983174835406,0.1141185076810534
WK198210,4420,GM1982,0.18461538461538463,0.13031674208144797
WK198211,796,GM1982,0.1708542713567839,0.11557788944723618
WK198212,334,GM1982,0.1437125748502994,0.08682634730538923
WK198213,1799,GM1982,0.2084491384102279,0.12006670372429128
WK198214,1445,GM1982,0.213840830449827,0.14186851211072665
WK198215,858,GM1982,0.2097902097902098,0.1317016317016317
WK198216,689,GM1982,0.12917271407837447,0.09433962264150944
WK198217,1749,GM1982,0.1595197255574614,0.0823327615780446
WK198218,1002,GM1982,0.15269461077844312,0.09381237524950099
WK198219,1123,GM1982,0.18165627782724844,0.10685663401602849
WK198220,477,GM1982,0.1970649895178197,0.11740041928721175
WK198221,422,GM1982,0.17298578199052134,0.11374407582938388
WK198222,9511,GM1982,0.1500367994953212,0.1007254757649038
WK198223,3385,GM1982,0.1223042836041359,0.07858197932053176
WK198224,1074,GM1982,0.14990689013035383,0.08845437616387337
WK198225,1030,GM1982,0.1524271844660194,0.0825242718446602
WK198226,435,GM1982,0.21379310344827587,0.12183908045977011
WK198227,468,GM1982,0.1752136752136752,0.08547008547008547
WK198228,306,GM1982,0.11764705882352941,0.07516339869281045
WK198229,384,GM1982,0.15885416666666666,0.125
WK198230,2443,GM1982,0.19238641015145314,0.11706917724109701
WK198231,1515,GM1982,0.19603960396039605,0.11155115511551156
WK198232,341,GM1982,0.21994134897360704,0.12316715542521994
WK198233,523,GM1982,0.24282982791587,0.12810707456978968
WK199101,19525,GM1991,0.18924455825864275,0.10955185659411011
WK199102,2124,GM1991,0.18973634651600754,0.10781544256120527
WK199103,1204,GM1991,0.2217607973421927,0.14119601328903655
WK199104,4338,GM1991,0.1814200092208391,0.11502996772706316
WK199105,1129,GM1991,0.21966341895482727,0.1408325952170062
WK199106,5010,GM1991,0.14131736526946106,0.09840319361277446
WK199200,4874,GM1992,0.22630283135002052,0.14177267131719326
WK199201,5244,GM1992,0.30816170861937453,0.16456903127383676
WK199202,765,GM1992,0.31241830065359477,0.13725490196078433
WK199203,3070,GM1992,0.354071661237785,0.1762214983713355
WK199204,3830,GM1992,0.4007832898172324,0.22767624020887728
WK199205,2522,GM1992,0.28429817605075336,0.1586042823156225
WK199206,2046,GM1992,0.23655913978494625,0.11290322580645161
WK199210,716,GM1992,0.31145251396648044,0.17737430167597765
WK199220,4853,GM1992,0.23181537193488563,0.13641046775190604
WK199221,5278,GM1992,0.24990526714664646,0.12978400909435392
WK199230,8949,GM1992,0.2535478824449659,0.1364398256788468
WK199231,981,GM1992,0.3119266055045872,0.1529051987767584
WK199232,1082,GM1992,0.32255083179297594,0.16728280961182995
